https://2runzzal.ecn.cdn.infralab.net/thumgif/ec7427b8fd21b00ef46bb78320ac5aef01569230c24dae5fd8bd45320ae17fba.webp,"무라세사에, 졸이쁨, 인기, 프로듀스48, 일본 아이돌"
https://2runzzal.ecn.cdn.infralab.net/thumgif/b7347ea2-13d1-53c8-ba15-b6962d7a3596.webp,"갓세븐, 럴러바이, M COUNTDOWN, JB"
https://2runzzal.ecn.cdn.infralab.net/thumgif/c9fb0c65-143b-2f99-322a-c73b6df0af0f.webp,"으으으, 끔찍, 생각, 짱구, 소름, 소름돋는 짱구"
https://2runzzal.ecn.cdn.infralab.net/thumgif/8eb5e074-ca54-c0a4-b3e4-b9451dea9982.webp,"불꽃놀이, 오마이걸, 엠넷, 엠카, 엠카운트다운, 지호, 비니"
https://2runzzal.ecn.cdn.infralab.net/thumgif/E1BC5eqUhd.webp,"?!, 양파, 제니, 마리텔, 지수, 블랙핑크"
https://2runzzal.ecn.cdn.infralab.net/thumgif/d40wxrtiaR.webp,"훈남, 미소, 웃음"
https://2runzzal.ecn.cdn.infralab.net/thumgif/966d3371-6e48-c503-d76a-f71df87edb43.webp,"소이현, 동상이몽2_너는 내 운명, 오호라, 그렇구나"
https://2runzzal.ecn.cdn.infralab.net/thumgif/wK749V1AaF.webp,"ㅃㅇ, 애니멀봐, 멀리안나간다, 배웅"
https://2runzzal.ecn.cdn.infralab.net/thumorg/YbsV2DFTg1.jpg,"좋아, 최고, 너무좋아, 양세형, 라디오 스타"
https://2runzzal.ecn.cdn.infralab.net/thumgif/Nl26c1NP44.gif,"축구, 수비오픈, 넘어짐, 미끄럼, 김영권"
https://2runzzal.ecn.cdn.infralab.net/thumgif/ZoB5Z766v0.gif,"BJ, 봉준, 아프리카TV, 리액션, 애교, 극혐"
https://2runzzal.ecn.cdn.infralab.net/thumgif/uEeXvA5KpB.gif,"에브라, 수아레즈, 악수, 시비"
https://2runzzal.ecn.cdn.infralab.net/thumgif/81ebf7a635aff0f0b928b7092ec14eb2c2fa7aa12a2b58e93cc20a4479db96f7.webp,"등장, 우승후보, 쇼미더머니777, 나플라"
https://2runzzal.ecn.cdn.infralab.net/thumorg/8503dc4401bad1fdf526cf0ecb8e754bde3d6bfbb05c79d90d889d51c7adc3ec.jpg,"예민하니까 말걸지마, 꺼져, 강아지, 노려봄"
https://2runzzal.ecn.cdn.infralab.net/thumgif/gornKV3l5M.gif,"농락, 스케이트보드, 농락잼, 고양이, 강아지, 보드 타는 고양이"
https://2runzzal.ecn.cdn.infralab.net/thumgif/51fb6478-be43-14e6-7423-5a24d84796d4.webp,"뷰티 인사이드, 이다희, 도도, 흘깃"
https://2runzzal.ecn.cdn.infralab.net/thumorg/939ee68e659c3513cf9fab267cae48e7855c34045884bf690dc7bdf219eeae02.jpg,"니얘기, 니 이야기야, 좋냐, 확, 팍씨, 쳐웃지마 니 이야기야, 빡치네, 화가나네, 까불지마"
https://2runzzal.ecn.cdn.infralab.net/thumgif/f1491115-67f6-85a8-ec50-9b77a0d5a5a6.webp,"부탁, 눈물"
https://2runzzal.ecn.cdn.infralab.net/thumgif/d4c54cb3-a9ae-71be-ef10-c2f7f36bc0e1.webp,"연플리, 뭐야, 플레이리스트, 감동"
https://2runzzal.ecn.cdn.infralab.net/thumorg/f435b3515ffc1891f338b536d1df8e56bc08ccbb417b52f5942cc956bc3003c0.jpg,"혁오, 무도짤, 무한도전, 좋음, 무도"
https://2runzzal.ecn.cdn.infralab.net/thumgif/M1DJTIVBIj.gif,"개, 런닝머신, 운동, 강아지, 런닝머신 타는 강아지, 운동하는 강아지"
https://2runzzal.ecn.cdn.infralab.net/thumorg/d34f861966884077f13549f38fec6f2e46214a8af17b8ac81c178a678315ef25.jpg,"고인돌, 빡침, 강냉이"
https://2runzzal.ecn.cdn.infralab.net/thumorg/ac5cb9ae504ccdb7304ec76e0a74da258874c5bc62796f35928db754d278b80f.jpg,"츤데레, 츤츤, 생축, 생일, 흥헤롱, 생일축하해"
https://2runzzal.ecn.cdn.infralab.net/thumgif/30cfebe1-feeb-c8a7-b326-965341873c40.webp,"송하윤, 마성의 기쁨, 울먹"
https://2runzzal.ecn.cdn.infralab.net/thumgif/q0cw6Aoz4x.webp,"지켜본다, 보고있어, 만두, 트와이스, 다현, 트와이스 다현"
https://2runzzal.ecn.cdn.infralab.net/thumgif/b15d5f1a8580fe6ef1a06fe6c322f09fcdc3ce76636301d14beb879034118a66.gif,"빙구미, 빙구, 모모, 사나, 트와이스, 트둥이"
https://2runzzal.ecn.cdn.infralab.net/thumorg/9761c3e31a3bef480090620b4cae58ab49027f1f84440f3cf009be7534936e82.png,"잡았다요놈, 걸려들었어, 철컹철컹, 잡았다, 각오해라"
https://2runzzal.ecn.cdn.infralab.net/thumorg/8075b95efef9ae1590fbb29f6dc42aec5ce34c62a21529175b1a910f0d0fdf71.jpg,"구하라, 손가락엿, 손가락욕, 엿, 욕"
https://2runzzal.ecn.cdn.infralab.net/thumorg/6da187bf946b01159c82e05e1941b6b2315c5731bbb0b4079b65172bccd90daa.jpg,"아이린 예쁘다, 힝, 삐졌어, 칫, 레드벨벳 아이린"
https://2runzzal.ecn.cdn.infralab.net/thumgif/c8801cc1-b0e1-5789-e5a8-208c63f58f92.webp,"방문교사, 유병재, 날 보면 얼마나 좋아할까"
https://2runzzal.ecn.cdn.infralab.net/thumgif/WfW6QYjMn7.gif,"뿌우, 아이유, 축하, 생축, 축하해, 축하해주는 아이유"
https://2runzzal.ecn.cdn.infralab.net/thumgif/fc844c03-3abe-db48-ee0c-abb222577293.webp,MBN 수목드라마 마성의 기쁨
https://2runzzal.ecn.cdn.infralab.net/thumgif/37f5732a-14a3-d552-7983-7560aa504c4c.webp,"이다희, 황당, 뷰티 인사이드"
https://2runzzal.ecn.cdn.infralab.net/thumgif/5224b323-9c3a-6be7-0b9e-d817c515b91a.webp,"이순정, 남자사람친구 14일전, 거울, 예쁜척"
https://2runzzal.ecn.cdn.infralab.net/thumgif/2NhrmKm6IW.gif,"바이크, 바이크 사고, 위험, 죽을뻔, 아무렇지 않은척"
https://2runzzal.ecn.cdn.infralab.net/thumgif/47dc4560-9203-303f-bdc6-5f8ec997baee.webp,"그녀로 말할 것 같으면, 이미숙, 분노"
https://2runzzal.ecn.cdn.infralab.net/thumorg/4efd42b3772bb4d59a183d3de63f6d9d18dab92f5ae64e1117efd110eac0265c.jpg,"나대거지마, 깝칠치지마, 잘리고싶으면더지껄여봐, 까불지마, 건들이지마"
https://2runzzal.ecn.cdn.infralab.net/thumorg/rc5Rg52avV.jpg,"빡침, 화났다, 개화남, 강아지, 화남, 분노"
https://2runzzal.ecn.cdn.infralab.net/thumorg/Gps6p4aZQM.jpg,"추석, 추석짤, 한가위, 한가위짤"
https://2runzzal.ecn.cdn.infralab.net/thumgif/iG7PF9Hl0x.webp,"대형사고, 오하영, 뽀뽀, 에이핑크, 보미"
https://2runzzal.com/media/QmJyZUttdHBIbkMxczZRMDN5NWRkdz09/zzal.gif,"셀수없는, 샤이니, Countless, 뮤비, 태민"
https://2runzzal.ecn.cdn.infralab.net/thumorg/64b8793d572bfbcca4b0c7e0e80919b169f5ec33925a4a08d9ebc9aeb6fd95ba.jpg,"명치, 추성훈, 명치 맞고 시뿐 사람"
https://2runzzal.ecn.cdn.infralab.net/thumorg/9b908939f31955217ee20f2c047c0bbf6f3cd33ff4cd8c214329c33f79f591e1.jpg,"포돌이짤, 잡았다요놈, 잡았다, 가만안둬, 각오해라, 철컹철컹, 포돌이, 경찰"
https://2runzzal.ecn.cdn.infralab.net/thumgif/6de292c8-a1df-20e7-d886-53f822b88a9c.webp,"나 혼자 산다, 기안84, 이시언, 윷놀이, 완전 대박"
https://2runzzal.ecn.cdn.infralab.net/thumorg/HHZ855zUoe.jpg,"몇번, 까놓고, 몇번은 맞았을거야, 무한도전, 하하"
https://2runzzal.ecn.cdn.infralab.net/thumgif/284c32ad-a64e-366f-8788-1665329248b6.webp,"이게 뭐람, 위키미키, 아이돌룸, 최유정"
https://2runzzal.ecn.cdn.infralab.net/thumgif/eae1390b-8c38-2070-ee34-7b49dda8cafe.webp,"쇼미더머니777(트리플세븐), 쇼미더머니777, 더콰이엇, 창모, 프로듀서 공연"
https://2runzzal.ecn.cdn.infralab.net/thumgif/906830d7-9d0f-ca21-d8dd-764f6bc2078e.webp,"서현진, 먹방, 뷰티 인사이드"
https://2runzzal.ecn.cdn.infralab.net/thumgif/3a53b830-b41d-6da7-7a62-ca9095db4490.webp,"쇼미더머니777(트리플세븐), 쇼미더머니777, 코드쿤스트, 팔로알토, 프로듀서 공연"
https://2runzzal.ecn.cdn.infralab.net/thumgif/96e400e6-2f9e-e6a8-06e4-64640886ed19.webp,"수미네 반찬, 김수미, 빨리 가봐!"
https://2runzzal.ecn.cdn.infralab.net/thumorg/1bdd5a8342e371a1e2b8a66c1d186f73abff0c08fc3f3486fe9914bef8caadfb.JPG,"짱구짤, 어느걸입을까, 코디, 옷선택, 최대난제, 짱구, 짱구는 못말려, 옷 고르기, 코디 고르기"
https://2runzzal.ecn.cdn.infralab.net/thumgif/IcfzLbqAyc.gif,"물개, 박수, 축하, 좋아"
https://2runzzal.ecn.cdn.infralab.net/thumorg/a261fce656fd9b51a5a81acafb922181213a0a7324732b140edda54d17635834.JPG,"못생겼어요, 오징어가말을한다, 오징어, 못생김, 못생긴애가 말한다."
https://2runzzal.ecn.cdn.infralab.net/thumgif/HOvdP5D8AO.webp,"흐뭇, 신동엽, SNL"
https://2runzzal.ecn.cdn.infralab.net/thumgif/9a4ac48f-e91d-35f7-2f5e-966f6ddfc5b0.webp,"트와이스, 쯔위, 양궁, 여신, 추석특집 2018 아이돌스타 육상선수권 대회"
https://2runzzal.ecn.cdn.infralab.net/thumorg/7588fd5c9afd9ceda897063faf5047266e626eda4177414c8697c5142316fc11.jpg,"놀람, 비명, 부끄, 꺄악"
https://2runzzal.ecn.cdn.infralab.net/thumorg/96c09cc40f9be47401607a4cc03d29becc0d473f63e4dcca3a30f4ea57ef4e3c.jpg,"타 씨발아, 휠체어, 주름이"
https://2runzzal.ecn.cdn.infralab.net/thumgif/edbe4515-09fd-216d-959b-edbee414bc98.webp,"뷰티 인사이드, 서현진"
https://2runzzal.ecn.cdn.infralab.net/thumgif/sej2ndbzxx.webp,"프로듀스48, 김나영, 윙크, 빵야, 애교"
https://2runzzal.ecn.cdn.infralab.net/thumgif/Z0ZUc3ENYz.webp,"당황, 에비츄"
https://2runzzal.ecn.cdn.infralab.net/thumorg/c355d1d5c5075044bdf4606e27fb03b7fac8ff061418574c21795925493823c0.jpg,"포기해, 포기하면편해, 포기, 하지마"
https://2runzzal.ecn.cdn.infralab.net/thumorg/6b4da217ae418c0ec6b9d7abda77d23180e9beeb69ae4f125c7d36125b0e8d6b.jpg,"째릿, 째려보기, 빅스, 엔"
https://2runzzal.ecn.cdn.infralab.net/thumgif/Qu46lOomnI.webp,"밥, 간식, 후다닥, 밥이다"
https://2runzzal.com/media/WENTOG4yVFgyMGxOQ2VOL3BGRkhqUT09/zzal.gif,"타자, 야구, 퍼펙트게임, 마동석"
https://2runzzal.ecn.cdn.infralab.net/thumorg/e98da886c1838b756bbb6bbcf5d976a4408dd29d144ea313e17ecaf896e26cc2.jpg,"무한도전, 하하, 그냥 때릴까?, 분노, 화나의 초기단계, 화남"
https://2runzzal.ecn.cdn.infralab.net/thumgif/hcmbjU2TY6.gif,"아이유, 파이팅, 화이팅, 최고"
https://2runzzal.ecn.cdn.infralab.net/thumorg/d5e3dd9447f602a59a998d52d0746f5ff8ac98c9c07587aac4a9eae572782728.jpg,"기분 별로, 억지웃음, 기분좋다, 비꼼, 기분 안좋은데 반어법"
https://2runzzal.ecn.cdn.infralab.net/thumgif/d61a1329-e5a8-da18-dab0-2a85dcad8bc9.webp,"황정음, 유인나, 하이킥, 수영장"
https://2runzzal.ecn.cdn.infralab.net/thumgif/YBnZeSAELD.webp,"트와이스, 나연, 뿌잉뿌잉, 애교"
https://2runzzal.ecn.cdn.infralab.net/thumgif/297a0864-eb66-13aa-758a-afef01f01d39.webp,"아는 형님, 강호동, 그냥 무섭잖아"
https://2runzzal.ecn.cdn.infralab.net/thumgif/GFOrLGV4mo.gif,"화살, 우정잉, 조준, 트위치"
https://2runzzal.ecn.cdn.infralab.net/thumgif/xt4vX5zCNL.gif,"AOA, 설현, 예쁘고 섹시, 예쁘다, 섹시하다"
https://2runzzal.ecn.cdn.infralab.net/thumgif/2uwoWjL4ZD.gif,"축구게임, 게임오류, 펀치, 싸다구"
https://2runzzal.ecn.cdn.infralab.net/thumgif/18d78fdc-d13c-2977-f92a-2f6ed3cd50b2.webp,"클레듈라 백작, 클레드, 사망, 할로윈, LOL, 8"
https://2runzzal.ecn.cdn.infralab.net/thumgif/49e8503abc87586d2e7e55dc26927c4a954d47499ef4b62c7073b13108b19bbb.webp,"쿠키, 터프, 지코, 지아코, 터프쿠키, TOUGH COOKIE"
https://2runzzal.ecn.cdn.infralab.net/thumorg/f9f0d1a20ab75f4e91a969b180506f36ac1650e7f5621e72a9609d216acbd08d.jpg,"옘병, 김수미짤, 썬텐, 김수미"
https://2runzzal.ecn.cdn.infralab.net/thumgif/uXr4fiqEIA.webp,"에이핑크, 손나은, 손나손나, mymy, 엠카운트다운"
https://2runzzal.ecn.cdn.infralab.net/thumorg/bf8697923648699e1c9b077f50853ab8b51df5e5242048f3a0cc302cdaea17a3.jpg,"상 엎음, 엎음, 뒤집음, 안먹어"
https://2runzzal.ecn.cdn.infralab.net/thumorg/d4baba5e8c5126f5faf25dfd476d60478b02fbc239f8a9b524666240537585a5.jpg,"리메이크, 노라조, 피키캐스트, 옥수수, 너의 옥수수를 털어 고인돌을 세울것이다, 각오해라, 까불지마"
https://2runzzal.ecn.cdn.infralab.net/thumorg/kj2lrODVFr.jpg,"애인이 되어줄래?, 귀귀, 고백"
https://2runzzal.ecn.cdn.infralab.net/thumorg/c9f932385f8771166e31fb7871fba1dc04b2a956bb88c21e319c641d1affcad1.jpg,"미쳤어, 미쳐, 미, 미 쳤어, 피아노 미 쳤어"
https://2runzzal.ecn.cdn.infralab.net/thumorg/HAcL3qsnVE.jpg,"닥쳐 말포이, ㄷㅊ, ㄲㅈ, 꺼져"
https://2runzzal.ecn.cdn.infralab.net/thumorg/93d15139e6117181120e39f05ccdf0d969e0f833d4780b2e4d480e4768a7a784.JPG,"무한도전, 정준하, 모른척, 능청, 내숭"
https://2runzzal.ecn.cdn.infralab.net/thumgif/50f8b42c-6a7f-dfc0-0a07-232896d0e573.webp,내 뒤에 테리우스
https://2runzzal.ecn.cdn.infralab.net/thumorg/f51600d9b093458c0052563cd058285318f3d6747a14446796ff7b8e65abf5fe.jpg,"누구인가, 누가 기침소리를 내었는가, 나 궁예야 궁예!!, 궁예, 태조왕건"
https://2runzzal.ecn.cdn.infralab.net/thumgif/dd700514-0d02-7afd-d7ce-579c10e31830.webp,"뮤직뱅크, 예쁜게 죄, 에이프릴"
https://2runzzal.ecn.cdn.infralab.net/thumorg/33afdd5c342b0077440c60d03b9781836035c6ba8356752706c12b0499d48536.jpg,"앵무새, ㅉㅉ, 노답, 할 말이 없다."
https://2runzzal.ecn.cdn.infralab.net/thumgif/hw90QGLRZn.gif,"윤보미, 복면가왕, 에이핑크, 최고"
https://2runzzal.ecn.cdn.infralab.net/thumgif/d63c8611-6269-08b7-6ca2-cf8a174d7bb9.webp,"서강준, 피자 먹방, 피자"
https://2runzzal.ecn.cdn.infralab.net/thumorg/c4503d4295253b946b04b3e1fe8caca602232e6b513d138130e00fa12cb93f70.jpg,"엘사, 짜증, 폭발, 화남"
https://2runzzal.ecn.cdn.infralab.net/thumgif/660b319fd7ef1e5d1df347d07f6f8d1ae72fdbc7a1dbd53f0d79e0ffaa75297e.gif,"백진희, 윤계상, 흐린기억속의그대, 현진영"
https://2runzzal.ecn.cdn.infralab.net/thumgif/596498e9-18b0-e989-a59a-9d144bd46cc1.webp,"쇼미더머니, 푸쳐핸섭"
https://2runzzal.ecn.cdn.infralab.net/thumgif/0cfb6049e63b491b60e83aef71b6b5f18ed0eeaa161c0ed3093b0a30855f118e.gif,"이정재, 관상, 피식, 여유, 썩소"
https://2runzzal.ecn.cdn.infralab.net/thumgif/C0yy038T1Y.gif,"고양이, 열심히 일, 노트북"
https://2runzzal.ecn.cdn.infralab.net/thumorg/c3571ec9d6ef2b6bcfea9395ce09818402684ec0620f3ffffa1b5b427e9610f9.png,"메롱, 놀림, 약올리기, 약오르지?"
https://2runzzal.ecn.cdn.infralab.net/thumgif/3d9fe0e5-6714-5f20-2a41-8a956d34b127.gif,"전현무, 부러움"
https://2runzzal.ecn.cdn.infralab.net/thumorg/7321536a00a371cfade8a1db2e04f9120decd42e70b9cf854efa2fb09134965d.jpg,"나루토, 부릅, 언제까지나 나를 얕보지 마라, 무시하지 마라"
https://2runzzal.ecn.cdn.infralab.net/thumorg/9482a54a49e040e3f02e70f93cb030ffa034deca188593bbb1de0f7dd95b200f.JPG,"뻔뻔, 갈수록뻔뻔, 무한도전, 유재석, 무도"
https://2runzzal.ecn.cdn.infralab.net/thumorg/903eba54a2e9789ebf19351a254986823496f925ce262b86f0956c443ae3540b.jpg,"기분 안 좋아, 쉿, 이제 그만 닥쳐줬으면 좋겠어, 조용히해, 닥쳐"
https://2runzzal.ecn.cdn.infralab.net/thumgif/22a9c3a97bd6a0a6d5abf04cbf371bd0d10cad1952e72f1795d8ad97befd07f6.webp,"벼봇춤, 민망, 관문, 이윤열"
https://2runzzal.ecn.cdn.infralab.net/thumorg/70a21bac8bcad1614c0a35273b1eb274156d3eef5dd803cb443f800c30077f21.png,"불상, 부처 짤, 쑥스러워, 부끄러워, 창피해"
https://2runzzal.ecn.cdn.infralab.net/thumgif/d0b3e9ef-4a6f-1ee8-ae2a-89f68ee0ef0e.webp,"아이즈원, 사쿠라, 라비앙로즈"
https://2runzzal.ecn.cdn.infralab.net/thumgif/a0393f6971ea89eda12a86740b2714c7cb50abd7424f1360b0c0790f060d50e8.gif,"짝사랑, 좋아하는사람, 웹드라마, 남자사람친구 14일전, 나 좋아하는 사람 있어"
https://2runzzal.ecn.cdn.infralab.net/thumorg/8rEHN0d5kx.jpg,"굽신굽신, 비꼬기, 비꼼, 달래기"
https://2runzzal.ecn.cdn.infralab.net/thumorg/e8b2bfc7316aa8183bd6e02a20108b2bb121564f87f8c9b6c6be2682c2732e14.jpg,"더러움, 트림, 끄억, 트름, 연애혁명, 김병훈"
https://2runzzal.ecn.cdn.infralab.net/thumgif/92997ab1-ba75-a35b-ecd3-47b6da772f74.webp,"복면가왕, 워너원, 강다니엘"
https://2runzzal.ecn.cdn.infralab.net/thumorg/d2b6905cecba65b94df7f0f54fdd1b2142a22caeafacc9ef1cd9be1b6159d665.jpg,"조용히해, 지성, 조용히햇, 쉿"
https://2runzzal.ecn.cdn.infralab.net/thumorg/6873645797263a7fb551a25e9abf39336e7e336d50671142ed5216dfb680a869.jpg,미친놈
https://2runzzal.ecn.cdn.infralab.net/thumorg/305a92dd56106c95e06166f86d442ab1876f9e315ee236c265e0863d48b407b1.jpg,"한방에주님곁으로, 유희왕카드, 너님을 그분 곁으로 보낸다"
https://2runzzal.ecn.cdn.infralab.net/thumgif/d0784177c216d8be1e665095b70c283c059f69d693c50ec778ea7a77d41f3691.webp,"장첸, 범죄도시, 혼자야?"
https://2runzzal.ecn.cdn.infralab.net/thumgif/gBtZ0MGbOP.webp,"우결, 우리결혼햇어요, 걸스데이, 유라, 요가"
https://2runzzal.ecn.cdn.infralab.net/thumgif/64b835a6-a2a3-d5c5-a921-ede0296313d5.webp,"도하나, 에이틴"
https://2runzzal.ecn.cdn.infralab.net/thumgif/VjgLxg5Z6l.webp,"아는형님 박나래, 어디있어?, 어딨어, 어디야, 이상민 어디있어?"
https://2runzzal.ecn.cdn.infralab.net/thumorg/e99a8118ebdcdd2885ae4ba6f447bb8d355e438a7a78c5b0bf0cd2a74ea33f55.jpg,"데스노트, 류크, 인간은 재밌어"
https://2runzzal.ecn.cdn.infralab.net/thumgif/fe9aa475-ee48-7c76-b3ed-d97e97cd1960.webp,"이다희, 뷰티 인사이드, 도도, 말대답, 말대꾸, 따박따박"
https://2runzzal.ecn.cdn.infralab.net/thumorg/8e85f03c83cc2af832cba687e9cb437f5cf637d567499aa0a93482c52eb7bf45.png,"센척, 지리다, 무서워"
https://2runzzal.ecn.cdn.infralab.net/thumgif/159163a496b956d5066b6f09e2aeab9cc6558349f6cd9f46477400a97b0279f9.webp,"너, 확, 죽엇, 한방, 한대"
https://2runzzal.ecn.cdn.infralab.net/thumorg/TtDMUKkOBa.jpg,"추석, 추석짤, 한가위, 한가위짤"
https://2runzzal.ecn.cdn.infralab.net/thumorg/4261affe164aa9b6c9fefd1e625a114a39a18efe8c48a1dd9169a9962b35be2c.jpg,"훗, 신남, 웃음, 알면서, 윙크, 찡긋, 헤헿"
https://2runzzal.ecn.cdn.infralab.net/thumgif/1d88db4ef56dd3b0201ff4bf43a3710929e01c32539639f669c19f60470c5954.webp,"박명수, 무도, 무한도전, 마임"
https://2runzzal.ecn.cdn.infralab.net/thumgif/wKzKTX8Gpm.webp,"완전귀엽, 흥폭발, 흥부자"
https://2runzzal.ecn.cdn.infralab.net/thumgif/3380f387-ba98-6c6b-8c99-789bda3a3192.webp,"코미디빅리그, 물벼락, 황제성"
https://2runzzal.ecn.cdn.infralab.net/thumgif/9eb33dd0-eda9-c5df-1a58-dce384d52c9f.webp,"동상이몽2_너는 내 운명, 류승수, 나율이 입학하면 꼭 합치자"
https://2runzzal.ecn.cdn.infralab.net/thumgif/971ceef1-7fc5-f90c-99e2-df050d377ffa.webp,"나 혼자 산다, 잘할걸?, 이시언"
https://2runzzal.ecn.cdn.infralab.net/thumgif/8UdtKgqgLA.gif,"손석고, 가족 손석고 만드는 짤, 단체 손석고"
https://2runzzal.ecn.cdn.infralab.net/thumgif/0OX86OPPia.webp,"배두나, 화살, 양궁, 괴물, 활"
https://2runzzal.ecn.cdn.infralab.net/thumgif/db8b41db6f8c085eede4e619bf670112cc43ef97416f9d193e729193f671f803.gif,"배트맨, 헉헉, 숨참, 저스티스리그"
https://2runzzal.ecn.cdn.infralab.net/thumgif/2177de6a342d43c4ff33c31bdfa4872046da068fd612291dc4737bd164db4ec8.gif,"남상미, 째려보기"
https://2runzzal.ecn.cdn.infralab.net/thumgif/f715ea83-966f-1a62-0079-bb0ca87a2fc5.webp,"나 혼자 산다, 전현무, 손은 왜이러는 거야?"
https://2runzzal.ecn.cdn.infralab.net/thumgif/xqtvaQMJML.webp,"유아인, 어이가없네, 베테랑"
https://2runzzal.ecn.cdn.infralab.net/thumgif/a11b6b8c-0a14-fb5f-6007-4d44ea73719b.webp,"워너원, 황민현, 보여, M COUNTDOWN"
https://2runzzal.ecn.cdn.infralab.net/thumgif/c5yVL4XTQP.gif,"쪽, 엑소, EXO, 시우민"
https://2runzzal.ecn.cdn.infralab.net/thumgif/M0VuFGm2tR.gif,"aoa, 설현, 꽃받침, 예쁘다"
https://2runzzal.ecn.cdn.infralab.net/thumorg/6a9ac28439784840927370fc1e21542e88f02db8adcb3913621af7f180bc1d15.jpg,"호감, 개썅호감"
https://2runzzal.ecn.cdn.infralab.net/thumorg/d1d071d9d69926ce7b545c69bd1958f8b4c452c72a844c1e740ed0115f35a4b6.JPG,"흐믓, 아빠미소, 엄마미소, 엄빠미소, 대견"
https://2runzzal.ecn.cdn.infralab.net/thumgif/Fqh49krOZd.gif,"포메, 귀여움, 재롱, 강아지"
https://2runzzal.ecn.cdn.infralab.net/thumorg/06bc20ab0567c1653fb47eb0dbefe5f07ad1bd2807b81d701b4b3aa1dc220700.png,"김준호, 해피투게더, 분통폭발, 개빡치네"
https://2runzzal.ecn.cdn.infralab.net/thumgif/6a5e230c-002b-0294-61e9-e5452bce4db7.webp,"빅픽처패밀리, 우효광, 박찬호상황극"
https://2runzzal.ecn.cdn.infralab.net/thumorg/2c19d5a73415d1c5d15566e51b81b038c6733fa264fccbdc2e2eaae40dbab77c.jpg,"서유기, 우마왕, 소, 섭섭, 서운, 츄욱, 이말년 서유기"
https://2runzzal.ecn.cdn.infralab.net/thumgif/6SoOVaP8o3.gif,"쵸파, 쵸파 기겁, 놀래다"
https://2runzzal.ecn.cdn.infralab.net/thumgif/1b23addf-414c-94fe-5b39-15a4d0700a16.webp,"스윙스, FLEX, 키드밀리, 니코니코니"
https://2runzzal.ecn.cdn.infralab.net/thumgif/5a93c566d7cc915bffa338da5f448f285bddd973b2cd181e1a3ca663a1bcf166.gif,"마술, 줄리엔강, 신기한 마술"
https://2runzzal.ecn.cdn.infralab.net/thumorg/94d5f061b715ce94064ab56f96b2d0317a1d972f67782089c565db465db19faf.PNG,"때려봐, 때리고싶지?, 깐족"
https://2runzzal.ecn.cdn.infralab.net/thumorg/448b097a37f76db1edc5550528d959db3d5c32c6113b933154bcfd609da9b81e.jpg,"닥쳐, ㄷㅊ"
https://2runzzal.ecn.cdn.infralab.net/thumgif/537cf5ff-f11d-139a-41d7-289141237a65.webp,"무슨일이야?, 무슨일, 뭔일이야?, 뷰티 인사이드"
https://2runzzal.ecn.cdn.infralab.net/thumgif/p1Eojn1pTl.webp,"야바위, 도박, 노름"
https://2runzzal.ecn.cdn.infralab.net/thumgif/QjJlqz6UdG.gif,"장나라, 고백부부, 동안, 나라짱, 슈퍼동안"
https://2runzzal.ecn.cdn.infralab.net/thumorg/bf52c5f40f5d7612b27d15fd24bcb208a0bd00328599829ccc78723d081d0e30.jpg,"정신혼미, 무도짤, 정형돈, 무한도전, 무도"
https://2runzzal.ecn.cdn.infralab.net/thumgif/cf17788a-ee8c-cda2-d6f3-d8bb68ec952f.webp,"이웃사람, 마동석, 김성균, 확 그냥, 꺽어, 위협, 팔꺾기"
https://2runzzal.ecn.cdn.infralab.net/thumgif/pMbMpNYChC.gif,"약 먹이기 실패, 허스키, 강아지, 약 뱉기"
https://2runzzal.ecn.cdn.infralab.net/thumorg/6bf2019d3ea2526aabb2c102c4c070f88e9ba9d83f4116b54caad83208af2350.jpg,"혼남, 입삐죽, 삐짐, 너무해, 에비츄"
https://2runzzal.ecn.cdn.infralab.net/thumgif/109f78de-6f3d-9d64-40f9-8d3484c8a86e.webp,"쇼미더머니, 건반"
https://2runzzal.ecn.cdn.infralab.net/thumgif/Fhh2E4DCH1.webp,"원딜, 원거리딜러, 배준식, 프로게이머"
https://2runzzal.ecn.cdn.infralab.net/thumgif/pkqcbTUhTm.gif,"잘다녀와, 강아지, 댕댕이, 손 인사"
https://2runzzal.ecn.cdn.infralab.net/thumgif/45d5bf43e5ec985314f358f3f7faa2cbb1a50b17d0134ce5bb0f06797e040400.gif,"미나, 손하트, 이쁨주의, 미나 하트, 트와이스"
https://2runzzal.ecn.cdn.infralab.net/thumgif/48ab2a00c6de9994b0ba7f60eb8a4069dd45bf31180227c415043c16c996a142.webp,"지코, 속이 후련했냐"
https://2runzzal.ecn.cdn.infralab.net/thumgif/b3bb5e26916b69c0dd739fdd421817214916a7a180a9137f1c05754a3e12d932.gif,"조정석, 쉐킷, 쉑잇, 건축학개론,"
https://2runzzal.ecn.cdn.infralab.net/thumorg/d7eabff485177fc1fe51174f0cc69ca54319934ef20cba7aefb028a53d75647f.jpg,"팩트폭력, 팩트, 싸대기, 철썩, 현실타격"
https://2runzzal.ecn.cdn.infralab.net/thumorg/83181e30f6702ac7e72b874bfd8f50ee2fc6f91671c7973edc5e3e1428959435.jpg,"개소리하는게 취미세요?, 놀림, 개소리"
https://2runzzal.ecn.cdn.infralab.net/thumorg/339c54a27800e7f11545143bd816c55489287bb6720db4e6d18aa7cbb2fcd1f2.jpg,"사랑의총, 내 마음을 너에게, 빵야"
https://2runzzal.ecn.cdn.infralab.net/thumgif/7cbe1cc9-e8ef-cde0-f113-4ce05de88197.gif,"인생술집, 정수정, 크리스탈, 에이~"
https://2runzzal.ecn.cdn.infralab.net/thumgif/336f909c-3ce2-f9b5-4867-e2f0d27d7637.webp,"백일의 낭군님, 남지현"
https://2runzzal.ecn.cdn.infralab.net/thumorg/ca22e903a58ed559253f34b682dd6c47b41801b58eb807576d5273bd6f8f5250.jpg,"무안함, 우울, 시무룩, 개구리, 페페"
https://2runzzal.ecn.cdn.infralab.net/thumorg/GTLl5Xvvpp.jpg,"뿌듯, 만족, 폭발, 축구공, 강아지"
https://2runzzal.ecn.cdn.infralab.net/thumorg/0124f7e5766479d57edce7ba722a58ac195057453ae7e7e3f5cd52f304b40bbc.jpg,"멍멍, 사람이 멍멍, 사람이 짖는다"
https://2runzzal.ecn.cdn.infralab.net/thumgif/7884933a-dd8c-200e-9c00-102827da2eec.webp,"서지혜, 의사"
https://2runzzal.ecn.cdn.infralab.net/thumgif/1f511713-38a0-f019-5ecf-827433f5ad3f.webp,"아는 와이프, tvN, 수목드라마, 장승조, 지성"
https://2runzzal.ecn.cdn.infralab.net/thumorg/5Hu8ouIGis.png,"울버린, 고승덕, 미안하다"
https://2runzzal.ecn.cdn.infralab.net/thumgif/a1ddcad5-6955-3434-6485-5be9fd5794d7.webp,"최진혁, MBN 수목드라마 마성의 기쁨"
https://2runzzal.ecn.cdn.infralab.net/thumorg/0b18b7e99d993c4d3f23b71506ebdb1eb199b85d2139f19e9b9824733571ddf9.jpg,"노주현, 맛있는거나 먹고 삽시다"
https://2runzzal.ecn.cdn.infralab.net/thumgif/199dcbc8-0d5b-ad9a-6a14-8cb7bb591625.webp,"유우미, 뷰티 인사이드"
https://2runzzal.ecn.cdn.infralab.net/thumorg/5a5d1d98d6dba49a4dd8cc979ebc5afc2fffc04a6a8ee59421286f7bedd09eb4.JPG,"추사랑, 슈퍼맨이 돌아왔다, ?"
https://2runzzal.ecn.cdn.infralab.net/thumgif/JQAFz2GrQZ.gif,"김정은, 확마, 북한"
https://2runzzal.ecn.cdn.infralab.net/thumgif/c2dfe12d-3ab5-3f91-6dbb-23a0a672abb8.webp,"랩의달인, EK, 딥플로우, 쇼미더머니"
https://2runzzal.ecn.cdn.infralab.net/thumorg/11baad28bf88eb4cf89e8322730bbb167b957eb92e51c7540f65bd310e7fe4eb.jpg,"멱살, 분노, 짜증, 멱살잡기, 너 좀 맞자"
https://2runzzal.ecn.cdn.infralab.net/thumgif/2b0ddf03-5c40-e3a5-2c2c-fde5498d5614.webp,"갓세븐, 럴러바이, M COUNTDOWN, 항공샷"
https://2runzzal.ecn.cdn.infralab.net/thumgif/a522add5-3a5d-fc80-3082-f2437f499c55.webp,"M COUNTDOWN, 에이프릴, 예쁜 게 죄, 나은"
https://2runzzal.ecn.cdn.infralab.net/thumorg/42c47684a3e47577fca8c29c832f57cd22e4680a2f4c4f4524548768305a3876.jpg,"기대된다, 고현정"
https://2runzzal.ecn.cdn.infralab.net/thumgif/c885ffb714108b0ba1b06e873af396b5c6c9c675269f4f02f60c877878ceb557.webp,"거침없이하이킥, 서민정, 힙합, 율동, 그루브, 하이킥, 시트콤"
https://2runzzal.ecn.cdn.infralab.net/thumorg/Z1L0y5VHoJ.jpg,"피카츄, 포켓몬, 사랑"
https://2runzzal.ecn.cdn.infralab.net/thumgif/c1443d39a3234abfa065c1e07ab7859ff0fbf4c80f5e0d6b9f087352ef0ba462.webp,"유혹, Saturday Night, 뮤비, 지오디"
https://2runzzal.ecn.cdn.infralab.net/thumgif/c0638b2c-aa25-51d5-a04b-5fcbfd38e70a.webp,"슈퍼비, 차붐, 슈퍼비vs차붐, 쇼미더머니777, 쇼미더머니"
https://2runzzal.ecn.cdn.infralab.net/thumgif/DModXHH02V.webp,"급다운, 기분다운, 반전, 김동현, 아는형님"
https://2runzzal.ecn.cdn.infralab.net/thumgif/c111526d-f1d5-ad73-8b1a-59454fc736de.webp,"Lullaby, 럴러바이, 갓세븐, GOT7"
https://2runzzal.ecn.cdn.infralab.net/thumgif/IqVZtqtYI3.webp,"펄스제너레이터, 아이언맨, 어벤져스, 아이언맨 레이저"
https://2runzzal.ecn.cdn.infralab.net/thumorg/3c2a72479a418f5ce51d58581bd783a8ad186e7824be74b0f26ed0393cfd8f01.jpg,"화남, 빡침, 짜증, 포켓몬, 괴력몬"
https://2runzzal.ecn.cdn.infralab.net/thumorg/77d45f02d1c36b494cf4b3921c17bdcac336489109a4a36cadc956bbc39ec9fd.jpg,"파괴, 부시기, 깐따삐야, 와장창, 이말년 서유기, 손오공"
https://2runzzal.ecn.cdn.infralab.net/thumorg/O9VMxURPOS.jpg,"문화충격, 이성재, 충격, 놀람, 나 혼자 산다"
https://2runzzal.ecn.cdn.infralab.net/thumorg/UlR2KQoV26.jpg,"이필립, 시크릿가든, 고독, 외로움, 좌절"
https://2runzzal.ecn.cdn.infralab.net/thumorg/SVJLmzcCgq.jpg,"그것이 알고싶다, 김상중, 그란데, 그란데말입니다"
https://2runzzal.ecn.cdn.infralab.net/thumorg/c37fa1334ac1e147338194f968b15040329349560648edc64d4f11dd3e5079df.png,"놀러와, 사유리, 미치게 사랑해요 스토커처럼, 미친사랑"
https://2runzzal.ecn.cdn.infralab.net/thumorg/8d50a3dac833c1617bcd80b2f9d80c71d46a518b617ddd593ce25a7b76cd8bfa.jpg,"새, 눈깔아, 뭘봐, 무시"
https://2runzzal.ecn.cdn.infralab.net/thumorg/c0d664b903018d181e6f63247d9f31fdc5d5afed0fc147fd645f20dddb3ef776.jpg,"무한도전, 박명수, 너무센데, 당황"
https://2runzzal.ecn.cdn.infralab.net/thumorg/4WtrQmlJn7.jpg,"니코니코, 오바마"
https://2runzzal.ecn.cdn.infralab.net/thumgif/32c5d41c-4cad-e351-20fa-d87bc48b3f14.webp,"나 혼자 산다, 박나래, 무장봉기"
https://2runzzal.ecn.cdn.infralab.net/thumgif/beea8e1c-4ff8-b314-bd74-04c5b3d228a5.webp,"인생술집, 이시언, 집들이선물"
https://2runzzal.ecn.cdn.infralab.net/thumgif/4eb1af6a-0359-b0e4-3f7f-a1f1c39da6c9.webp,"플레이리스트, 연플리, 그런건줄만알았는데, 최승혁"
https://2runzzal.ecn.cdn.infralab.net/thumgif/aKpNn9kJ5E.gif,"개, 편안, 휴식, 시바견, 강아지"
https://2runzzal.ecn.cdn.infralab.net/thumgif/5COoebxDMn.gif,"주결경, 바로너, 지목, 가리킴, 아이오아이, 프로듀스101"
https://2runzzal.ecn.cdn.infralab.net/thumgif/8a651eba-a0e9-dcda-5b0c-4e67e79ca79e.gif,"남시우, 연인, 에이틴, 설렘"
https://2runzzal.ecn.cdn.infralab.net/thumgif/2157d5fc-42e3-8ab7-1961-145c9d76fe78.webp,"조단역시절, 윤주만, 인생술집"
https://2runzzal.ecn.cdn.infralab.net/thumorg/qkrFOvxgOi.jpg,"삿대질, 그거 당신 얘기지?"
https://2runzzal.ecn.cdn.infralab.net/thumgif/80f683bc-fead-d10b-25cd-852867d8e64c.webp,"샤방샤방, 한지민, 해피 투게더 4"
https://2runzzal.ecn.cdn.infralab.net/thumorg/30cfbb237ff0f78490903ffe4d15d1fd524d487097aa19a0c1a31c8fb75fd44d.jpg,"유시민, 놀람"
https://2runzzal.ecn.cdn.infralab.net/thumorg/96877cbca5acc474b70d41570349d0b1ed4a253d4b864c1d7a069fe66c52d561.jpg,"절래절래, 노답"
https://2runzzal.ecn.cdn.infralab.net/thumorg/6a28aa3dea3775bfd74f0de83da18f3173032e156ee63f5d00fbb73223e2deda.jpg,"훔치다, 도둑, 납치, 보쌈"
https://2runzzal.ecn.cdn.infralab.net/thumgif/068fac0f4c9ea59dbb9e8c7a4a236732403de1b2e3db2e77e446dd1f65a6972d.webp,"정우, 떨림, 두려움, 응답하라1994"
https://2runzzal.ecn.cdn.infralab.net/thumgif/pTltCccc7L.gif,"김하나, 체크리스트"
https://2runzzal.ecn.cdn.infralab.net/thumgif/BSUaxA6Zsm.gif,"토블론, 활용법, 마트, 페이크"
https://2runzzal.ecn.cdn.infralab.net/thumgif/5144856b45ff7a309e26fb4fe7321725f65dfcb6629a104ebf87b7c2e6948409.webp,"제니, 제니 시그니쳐, chu, 블랙핑크"
https://2runzzal.ecn.cdn.infralab.net/thumorg/89edfed69142d8d2453bb1354ed391f690fddbfa6fc05300e4043be186f48482.jpg,"미안, 죄송, ㅈㅅ, 죽여주시옵소서, 정말 죄송합니다"
https://2runzzal.ecn.cdn.infralab.net/thumgif/d0c043b5-da07-5044-a737-5a7b1f6e5889.gif,"마미손, 매드클라운, 쇼미더머니777"
https://2runzzal.ecn.cdn.infralab.net/thumorg/txQvVGRCov.jpg,"응그건아니야, 격한 부정, NO, 놉, 아니야, 안 돼"
https://2runzzal.ecn.cdn.infralab.net/thumgif/d24c6717-fee1-265b-6995-9d9f33f416e2.webp,"쇼미더머니777, 비트, 리듬, 키드밀리, 쇼미더머니"
https://2runzzal.ecn.cdn.infralab.net/thumorg/622a76d44d7f155cc75f01488f6fe42cfd2f33f76193640846bdd07d869d5520.jpg,"형이, 왜 나와, 형이 왜 나와, 형이 거기서 왜 나와, 형이 왜 거기서 나와, 무한도전, 정형돈"
https://2runzzal.ecn.cdn.infralab.net/thumgif/39be705e-645f-80dc-d74f-99aca655b003.webp,"댄싱하이, 호야팀, 긴장"
https://2runzzal.ecn.cdn.infralab.net/thumorg/GCZKfod1Cq.jpg,"굴욕짤, 카톡사진, 아이유, 아이유 굴욕짤"
https://2runzzal.ecn.cdn.infralab.net/thumgif/4c381726-3a7e-9d96-98b0-80fa6837ff43.webp,"내 뒤에 테리우스, 소지섭"
https://2runzzal.ecn.cdn.infralab.net/thumgif/6e493de2-ebde-2796-b944-fb894df0a6c7.webp,"프로미스나인, LOVE BOMB, SBS 인기가요, 이새롬"
https://2runzzal.ecn.cdn.infralab.net/thumorg/19e346692df8c3e1bcc5ccad7718ad7768d9f04c88e02c70b8cf33aef24b6fc7.jpg,"정재형, 이럴수가, 무도 짤, 무한도전, 무도, 절규"
https://2runzzal.ecn.cdn.infralab.net/thumorg/6cd76f877956c582724c614146c412043d809b1cf7bb106365641302f872c4b2.png,"엿이나드세요, 엿맥이기, 엿주기, 엿"
https://2runzzal.ecn.cdn.infralab.net/thumgif/c3c85188-4954-e6b0-3bbb-fc5a937aac01.webp,"내 뒤에 테리우스, 정인선"
https://2runzzal.ecn.cdn.infralab.net/thumorg/K64xBtWdlQ.jpg,"절묘, 합성, 몸짱, 고양이, 몸짱 고양이"
https://2runzzal.ecn.cdn.infralab.net/thumgif/db55b9b5-ee06-7723-3542-e427f1041632.webp,"뷰티인사이드, 김민석, 이런 스타일"
https://2runzzal.ecn.cdn.infralab.net/thumgif/e1d6b8a3-33ad-aa2a-aa0f-4feaf6102ea0.webp,"드르륵, 등장, 김희철, 아는형님"
https://2runzzal.ecn.cdn.infralab.net/thumgif/72bc9144-153f-d34f-52f7-c5abcf598a05.webp,"원펀치, 펀치, 싸대기, 마동석, 이웃사람, 김성균, 뺨 때리기"
https://2runzzal.ecn.cdn.infralab.net/thumgif/1de82fe9-f1e9-00d2-e6b4-9d5ecab82a58.webp,"엔시티127, 도영, regular, 레귤러, Show Champion"
https://2runzzal.ecn.cdn.infralab.net/thumgif/210b3250-e9b6-9271-ef44-e51e038f1c02.webp,"M COUNTDOWN, 에이프릴, 예쁜 게 죄"
https://2runzzal.ecn.cdn.infralab.net/thumgif/d25fe24b-748e-ff1f-8fbb-7e96d7abd323.webp,"인생술집, 신동엽, 오오오, 대박, 박수, 근데 이걸 어떻게 맞춘거지?"
https://2runzzal.ecn.cdn.infralab.net/thumorg/c0b3bc80b7731869f60b7c4d5caea3aa1a0aceb32a6d37228fbb324f922dd72f.jpg,"영혼없는 사랑해, 황제성, 손하트, 코미디빅리그"
https://2runzzal.ecn.cdn.infralab.net/thumgif/Y8usZ5TOC5.gif,"맥주, 비어, 남편, 맥주 사재기, 사재기, 매주 엄청 많이 사기"
https://2runzzal.ecn.cdn.infralab.net/thumorg/05c5a8c58e707b5eb15308f9e100898d832e3f2738220e03f2a3cfd1de5f048f.jpg,"짱구, 생일 축하해, 편지"
https://2runzzal.ecn.cdn.infralab.net/thumgif/a4847ac90b19e1caa1e889ae60d002cdbd22dbccade3fa7bb0bcf7a39a7e512a.webp,"오로나민c, 전현무, 오로나민댄스, 기분좋다, 활력"
https://2runzzal.ecn.cdn.infralab.net/thumgif/e063f699-f325-dbee-6761-aea918ef4ff1.webp,"플레이리스트, 연플리, 왜?"
https://2runzzal.ecn.cdn.infralab.net/thumgif/27f4771b-2c21-b28e-2a36-4ac2aebe6916.webp,"쇼미더머니777(트리플세븐), 그룹대항전, 신남"
https://2runzzal.ecn.cdn.infralab.net/thumgif/ce022725-8126-89a4-8bca-4a34b6abdf42.webp,"마성의 기쁨, 최진혁"
https://2runzzal.ecn.cdn.infralab.net/thumgif/SYYJxcYfKN.gif,"군대, 미필, 스타, 게임"
https://2runzzal.ecn.cdn.infralab.net/thumgif/33b96d0c-e9af-8c86-1363-e135ed8633d9.webp,"오징어 껍질, 자격증, 장동민, 수미네 반찬"
https://2runzzal.ecn.cdn.infralab.net/thumgif/64414ee7d42150e19b496acda4782cf84f9d5eec67119edea4135ef92688f6fe.webp,"손하트, ♡, 김비서, 김비서가왜그럴까, 박민영, 박서준, 박민영 손하트"
https://2runzzal.ecn.cdn.infralab.net/thumgif/9ff854fb-4413-d8d0-845e-9974900e7bd8.webp,"정인선, 내 뒤에 테리우스"
https://2runzzal.ecn.cdn.infralab.net/thumgif/bc14c127-3dac-bbc1-e017-d5e23f2c6b64.webp,"뮤직뱅크, 우주소녀, 부탁해, 연정, 다영"
https://2runzzal.ecn.cdn.infralab.net/thumgif/46f7c5be-4b47-1fb3-587e-5228dc14674e.webp,"Lullaby, 럴러바이, 갓세븐, GOT7, 진영"
https://2runzzal.ecn.cdn.infralab.net/thumorg/272c2c8d18959f58f79c04cd460777dc64c860b59c5c93b355ac063d7ef01155.jpg,"사망, 응급조치, 씹덕사, 심쿵사, 심쿵, 심장 제세동기, 심장충격기"
https://2runzzal.ecn.cdn.infralab.net/thumgif/cb4335da-a398-69d3-227c-b2664f16dda7.webp,"서현진, 머리 손짓, 뷰티 인사이드"
https://2runzzal.ecn.cdn.infralab.net/thumgif/bcbdfe37-1b0d-52ef-7bb9-37d37f7ffc98.webp,"백일의 낭군님, 백일의낭군님, tvN, 월화드라마, 김차언"
https://2runzzal.ecn.cdn.infralab.net/thumgif/8hPmXaoQ4y.webp,"눈, 가리킴, 프로듀스48"
https://2runzzal.ecn.cdn.infralab.net/thumgif/8679b1be41e0ea9f94e03c55e0ea8957402f0d0baeb95e2cb5875a3a5b2eb511.webp,"윤계상, Saturday Night, 버럭, 폭발, 사자후"
https://2runzzal.ecn.cdn.infralab.net/thumorg/mJwxaEkZ2M.jpg,"페페, 장발, 장발 페페, 개구리"
https://2runzzal.ecn.cdn.infralab.net/thumorg/TffeiX2lo6.jpg,"뜨헉, 깜놀, 대박"
https://2runzzal.ecn.cdn.infralab.net/thumgif/daed986d-617f-dec3-4154-fb49534d31cc.webp,"플레이리스트, 연플리, 박하늘, 노래방"
https://2runzzal.ecn.cdn.infralab.net/thumgif/78667cf1-6cfe-e616-8939-0de120382879.webp,"흉부외과:심장을 훔친 의사들, 사망하셨습니다, 돌아가셨습니다"
https://2runzzal.ecn.cdn.infralab.net/thumgif/7a5be51ccb891c27461000fa8b939386cb5b00d2856b525c00a0d642f71512c9.gif,"이유리, 아버지가 이상해"
https://2runzzal.ecn.cdn.infralab.net/thumgif/0787c692-6d0b-2303-a521-2aa18d223bc7.webp,"더콰이엇, 리듬, 쿵짱, 쇼미더머니777, 리듬타, 고개 들썩들썩"
https://2runzzal.ecn.cdn.infralab.net/thumorg/7a404f401e353351c5a670ca48d89f928c779d0603d98741b9c8b157406893e8.jpg,"이거먹어, 짜져, 이거 먹고 짜져, 시구"
https://2runzzal.ecn.cdn.infralab.net/thumgif/cc1b465b-a18b-60ab-355d-47fa32cc15a1.webp,"쇼미더머니777(트리플세븐), 쇼미더머니777, 프로듀서공연, 창모"
https://2runzzal.ecn.cdn.infralab.net/thumorg/ef5a9de62b3de362dff739cc1e3d99ba354cd7922b0aa24c8c4b3c174066f4d2.jpg,"커밋, 개구리, 손가락 질, 놀림"
https://2runzzal.ecn.cdn.infralab.net/thumgif/e093fa6b-cd5a-eeea-24fa-003eec0ab79d.webp,"부활, 무덤, V, 박재범, 뮤비"
https://2runzzal.ecn.cdn.infralab.net/thumgif/65e3b981-d9f1-71e7-ad63-aed548541971.webp,"잘했어, 창모, 쇼미더머니777, 잘한다, 최고"
https://2runzzal.ecn.cdn.infralab.net/thumgif/028cc2a5-defd-5a9e-a44e-a4d079d93b2e.webp,"쇼미더머니777(트리플세븐), 뉴챔프"
https://2runzzal.ecn.cdn.infralab.net/thumgif/xBuXZ4qI6p.gif,"이거먹어, 먹어, 도둑, 강아지, 아기"
https://2runzzal.ecn.cdn.infralab.net/thumgif/5e92d3bb-346c-7a59-5cdf-dbedb82277a3.webp,"만신창이, 배성우, 라디오스타"
https://2runzzal.ecn.cdn.infralab.net/thumorg/4dd7f292c7c30c95cd08aad151074399cd8d354727d9e244ae28550da271739a.jpg,"밥 갖고 와, 밥줘, 노홍철, 무한도전, 무도, 무도 짤"
https://2runzzal.ecn.cdn.infralab.net/thumgif/iTjJhmbCDi.webp,"장원영, 미소, 아이즈원, 프로듀스"
https://2runzzal.ecn.cdn.infralab.net/thumgif/4fee7708-3cdb-e8fc-4436-dfd041435f12.webp,"쇼미더머니777, 환호, 팀"
https://2runzzal.ecn.cdn.infralab.net/thumorg/537415a32ce458d6c99b00158ad264bbbb2387fadef9691a1d6e6d051902ba15.jpg,"에휴, 노답, 한심하다, 한심"
https://2runzzal.ecn.cdn.infralab.net/thumgif/e50d4c0e-0088-a138-1728-433412a3db4e.webp,"이수린, 쇼미더머니, 랩"
https://2runzzal.ecn.cdn.infralab.net/thumorg/78d3d4b4372b86ee1f14c7e236bf395757c3bc2371550112ce9b6122a381302a.jpg,"어머나, 오메, 오메 저게 뭐람, 저게 뭐람, 저게 뭐야"
https://2runzzal.ecn.cdn.infralab.net/thumgif/otcIz1cpIK.gif,"뚜껑 열기, 발차기, 묘기, 페트병 열기, 돌려차기"
https://2runzzal.ecn.cdn.infralab.net/thumorg/X8WuHx1Lkk.jpg,"볼빨간, 란마, 홍조, 창피해"
https://2runzzal.ecn.cdn.infralab.net/thumgif/m3QebTYBQj.gif,"자동차, 슈퍼카, 열기, 오픈"
https://2runzzal.ecn.cdn.infralab.net/thumgif/2d923b45582a2a8995121f323ae2f40af54b8794e7e7b58074e656ed9d5163b6.gif,"롤리폴리, 박하선, 춤, 댄스, 신남, 하이킥 짧은다리의역습, 하이킥"
https://2runzzal.ecn.cdn.infralab.net/thumgif/YcvS98XgHJ.webp,"오호, 놀람, 주간아이돌, 유니티, NC.A, 앤씨아"
https://2runzzal.ecn.cdn.infralab.net/thumgif/106b89a3-42f9-6198-9a9c-30283feaf3a1.webp,"뷰티 인사이드, 김민석, 면도"
https://2runzzal.ecn.cdn.infralab.net/thumorg/bea921063da1a12b34469acc86cfaae394e2ea8dccd2737ed9eb0559ae0a870a.jpg,"시험싫다, 시험, 공부하기 싫다"
https://2runzzal.ecn.cdn.infralab.net/thumgif/c4ef9058-e8ac-bd72-4a6a-fccb11d9a4be.webp,"우리지민이잘한다, 유재석, 해피 투게더 4"
https://2runzzal.ecn.cdn.infralab.net/thumgif/c5dc1385-2ffc-b1c1-35d4-73dae6ae2c1a.webp,"전지적 참견 시점, 박성광, 치과"
https://2runzzal.ecn.cdn.infralab.net/thumorg/52015d4d9e1e022a85d40e1b68ba7558a11f8ba101962c798bdd49242c8782a6.jpg,"오지마 저리가, 삐짐, 너무해, 나빴어, 진짜 나빠, 실망이야"
https://2runzzal.ecn.cdn.infralab.net/thumgif/ddac64b0-7f84-fddf-d828-b16ab6081bbe.webp,"JR, 헉, 미소, 해피 투게더 4"
https://2runzzal.ecn.cdn.infralab.net/thumgif/3837f2c7-e53d-fbd7-2d6d-bdaf93e67bb3.webp,"나 혼자 산다, 박나래, 대장내시경, 이시언"
https://2runzzal.ecn.cdn.infralab.net/thumorg/7c00e9eb90a5872f4072b3373e31385d3fe55800d667ac25ef104899b37e82e8.jpg,"팩트, 팩트 휘두른다, 팩폭, 팩트 폭행"
https://2runzzal.ecn.cdn.infralab.net/thumgif/882acc69-baf2-625d-9e2d-f8e870f48d45.webp,"우주소녀, 부탁해, Show Champion, 연정, 유연정"
https://2runzzal.ecn.cdn.infralab.net/thumgif/1bf9b2c5-2c8b-4e94-02e2-a404f2a99e87.webp,"쇼미더머니777(트리플세븐), 쇼미더머니"
https://2runzzal.ecn.cdn.infralab.net/thumgif/38a2cfbd-826c-f206-1f20-60778b8a4ceb.webp,"MBN, 수목드라마, 마성의 기쁨, 최진혁"
https://2runzzal.ecn.cdn.infralab.net/thumorg/892edce286572c3a43a449e81a59d38dbec9b87a51c083e5c97e2d7d1d4dac4e.jpg,"두둠칫, 둠칫, 둠칫둠칫, 고양이"
https://2runzzal.ecn.cdn.infralab.net/thumgif/479dc98f-12bd-b4fe-6e78-4f5c9e04e520.webp,"대국민 토크쇼 안녕하세요, 남편, 자랑, 아내, 헉, 아내에게 자랑하는 남편"
https://2runzzal.ecn.cdn.infralab.net/thumorg/06iCfqzspY.jpg,"짝짝, 김정은, 북한, 박수, 칭찬"
https://2runzzal.ecn.cdn.infralab.net/thumorg/b598ef7bdce4598315f9b83f826bf5d3b83f186b57bdf9563491af2c68651903.jpg,"오마이갓, 내가 뭘 본거지?, 극혐"
https://2runzzal.ecn.cdn.infralab.net/thumgif/bb4f6f90-3436-e068-d3a2-bd255890fc66.webp,"동상이몽, 소찬휘, 시가"
https://2runzzal.ecn.cdn.infralab.net/thumgif/0c834494-f2a8-75ae-e9fe-af82b0f4ea27.webp,"이승기, 집사부일체, 빈센트, 영어이름"
https://2runzzal.ecn.cdn.infralab.net/thumorg/b17518c6030bc0603bd8c657df3a9b3e7dd7e01904082b240ecd249a8c27f4bd.jpg,"진짜 개같애, 웃으면서 짜증"
https://2runzzal.ecn.cdn.infralab.net/thumgif/ADoLUJZ1ZV.webp,"바다, 트와이스, 뮤비, 채영, Dance The Night Away, 댄스더나잇어웨이"
https://2runzzal.ecn.cdn.infralab.net/thumorg/54ddd7cb884b3dba18153f4caf3e5c86c31d239f9fccf4e5f73aa22d0280b120.jpg,"마틸다, 레옹, 안녕 돼지야, 돼지"
https://2runzzal.ecn.cdn.infralab.net/thumgif/ctUj70fj7m.gif,"아라가키유이, 유이, 먹방, 오물오물, 맛있어, 최고"
https://2runzzal.ecn.cdn.infralab.net/thumgif/2945ec30-2fd3-47ee-cb72-662228ac4cc6.webp,"나영, 아육대, 리듬체조, 리본"
https://2runzzal.ecn.cdn.infralab.net/thumgif/2550504a-aad4-a9fc-b041-fcd218f6500f.webp,"쇼 음악중심, 우주소녀, 설아, 부탁해"
https://2runzzal.ecn.cdn.infralab.net/thumorg/TgehVIdlZ0.jpg,"태진아, 최고, 좋아, 엄지척"
https://2runzzal.ecn.cdn.infralab.net/thumorg/889ac1ad5cb9d791af2750a5e3056e7ec8391802d2e3006e0a4c6a60c0f896dc.jpg,"어쩌라고, 뭘봐, 쳐다보지 마, 눈깔아, 뭘 꼬라봐"
https://2runzzal.ecn.cdn.infralab.net/thumgif/if02wLZPBm.webp,"애교, 여보옹, 자기야, 여보야, 유아, 오마이걸, 주간아이돌"
https://2runzzal.ecn.cdn.infralab.net/thumgif/0ec2714b-4902-95e1-aba9-88909e541109.webp,"플레이리스트, 연플리시즌3, 연애플레이리스트시즌3, 박하늘"
https://2runzzal.ecn.cdn.infralab.net/thumgif/2eYfPhqQQl.webp,"사카모토, 바람, 돌풍, 태풍"
https://2runzzal.ecn.cdn.infralab.net/thumgif/b4f1aa71-f827-0bf8-e30f-6556c57b066a.webp,"한숨, 무스펙"
https://2runzzal.ecn.cdn.infralab.net/thumorg/D6g3byDr0N.jpg,"고뇌, 견생, 강아지, 힘들다"
https://2runzzal.ecn.cdn.infralab.net/thumgif/5c0fba9c-960a-ea20-2f25-b4f12deba000.webp,"동공확장, 하이킥, 시트콤, 준혁학생, 팬티, 지붕뚫고 하이킥, 윤시윤"
https://2runzzal.ecn.cdn.infralab.net/thumgif/e9ba23df-1592-0dd5-acc9-76aeeff24ec4.webp,"신서유기5, 헐, 송민호, 놀람, 처녀귀신"
https://2runzzal.ecn.cdn.infralab.net/thumgif/e6138ba6-d7b9-54fd-04e1-57b4b03f607b.webp,"그녀로 말할 것 같으면, 한은정, 이미숙, 한은정속마음"
https://2runzzal.ecn.cdn.infralab.net/thumgif/AyLWzrwLQF.webp,"크러쉬, 반려견, 두유, 모기"
https://2runzzal.ecn.cdn.infralab.net/thumgif/ad32ffed-9fac-bb25-0daf-c5440706f956.webp,"내일도 맑음, 하승리"
https://2runzzal.ecn.cdn.infralab.net/thumorg/aa70a9be79aca69fc18e35e99f5c8302e759baa075e19d2d98d203a61a82fe46.jpg,"쫑알쫑알, 주둥이, 시끄러움, 신발, 화남, 분노"
https://2runzzal.ecn.cdn.infralab.net/thumgif/zAilvY6AtS.gif,"무한도전, 무도, 길, 난리법석, 꽈당"
https://2runzzal.ecn.cdn.infralab.net/thumorg/xOOuDB1xky.jpg,"이렐리아, 김동준, lol, 리그오브레전드, 게임, 이렐리가"
https://2runzzal.ecn.cdn.infralab.net/thumorg/bFX2CC1Ysv.jpg,"트와이스, 미나, 마리오 모자"
https://2runzzal.ecn.cdn.infralab.net/thumgif/uiGAAil6dL.webp,"이상한 토끼, 모가앱 토끼"
https://2runzzal.ecn.cdn.infralab.net/thumgif/aaa13f3a-db38-6cdb-4409-6aa8c8dd90ed.webp,"오, 감탄, 유재석, 반응, 해피투게더"
https://2runzzal.ecn.cdn.infralab.net/thumorg/17153a89bc203d5466cd2b1baad5bfd6e7767ea238edfdf3897a0ac86ab34c37.jpg,"정신 차려, 정신, 정신 차려라, 김동완, 신화"
https://2runzzal.ecn.cdn.infralab.net/thumgif/DKDDGPnT1z.webp,"아예, 뮤비, EXID, Ah Yeah"
https://2runzzal.ecn.cdn.infralab.net/thumgif/f8b59afc-3204-421c-36d5-9b584a320493.webp,"서현진, 시선, 뷰티 인사이드, 째려보기, 눈 흘김"
https://2runzzal.ecn.cdn.infralab.net/thumorg/DNR4K6Vuka.jpg,"안직도 뚱뚱하고 못생기세요?, 이제는 못생기기만 하세요, 99만원의 기적, 다이어트"
https://2runzzal.ecn.cdn.infralab.net/thumgif/e22014cc-6ccc-8f6f-06ef-9e43aef41a27.webp,"배두나, 최고의 이혼"
https://2runzzal.ecn.cdn.infralab.net/thumgif/6af8429a-0230-46a0-4610-ae9122cd750e.webp,"M COUNTDOWN, 에이프릴, 예쁜게 죄"
https://2runzzal.ecn.cdn.infralab.net/thumgif/b197c29f-33b5-bb33-f6d9-e18523a421dd.webp,"플레이리스트, 연플리, 메롱"
https://2runzzal.ecn.cdn.infralab.net/thumgif/100b8077-00c1-bd1b-cb7c-ea4df01c3d9b.webp,"글썽, 눈물, 김하나, 에이틴, 에이프릴, 나은"
https://2runzzal.ecn.cdn.infralab.net/thumorg/d170699af7c83f0d84451bf431990fecf704fa213c625e4d4121f87b710e93bf.jpg,"힘듦, 지옥, 지치다, 무한도전, 박명수, 무도, 무도 짤"
https://2runzzal.ecn.cdn.infralab.net/thumgif/f34447d7-6e3f-0e63-a1b3-c53eee9f256b.webp,"플레이리스트, 연플리"
https://2runzzal.ecn.cdn.infralab.net/thumgif/snxzmmLV86.gif,"라이터, 불쇼"
https://2runzzal.ecn.cdn.infralab.net/thumgif/ORNdFt17ak.gif,"성소, 우주소녀"
https://2runzzal.ecn.cdn.infralab.net/thumorg/0da79e78a7fca2018a3b58a3efcc13cb0f105bdd29afb7361272f8f62e8f7534.jpg,"밟기, 즈려밟기, 꽃 밟기, 무당"
https://2runzzal.ecn.cdn.infralab.net/thumgif/RSvB2ClGQy.webp,"프레디, 나이트메어, 썬글라스, 코스프레, 안경"
https://2runzzal.ecn.cdn.infralab.net/thumorg/5b18153c945952535f5c0a1761934db1ed2ec787006a87df8a3bf35bd7657806.jpg,"고자임, 고자라니, 고자"
https://2runzzal.ecn.cdn.infralab.net/thumgif/b5fd0756-6782-8e1e-2b30-79db087b256b.webp,"반갑습니다, 윤진이, 사랑스러운배우, 해피투게더, 하나뿐인 내편"
https://2runzzal.ecn.cdn.infralab.net/thumgif/94669332-7158-118b-944c-a78ea0142273.webp,"라디오스타, 장혁, 창피, 손사래"
https://2runzzal.ecn.cdn.infralab.net/thumgif/67a0cd9d-ccc1-9a49-f1dd-c1386771fd84.webp,"타자, 야구, 마동석, 퍼펙트게임"
https://2runzzal.ecn.cdn.infralab.net/thumgif/3504b191-266d-0a05-0dd3-8065e9856a5e.webp,"나플라, 슈퍼비, 차붐, 슈퍼비vs차붐, 쇼미더머니777, 모르겠다 이거"
https://2runzzal.ecn.cdn.infralab.net/thumorg/33d383714b1e51a920e8e900c465517fe0e62010c486132b34eb51e66ad3dba9.jpg,"아가리 여물어, 폭력, 퍽퍽"
https://2runzzal.ecn.cdn.infralab.net/thumgif/b259985e-a64c-f427-b4a8-132d73bd035d.webp,"양세형, 좋아, 집사부일체, 웃음"
https://2runzzal.ecn.cdn.infralab.net/thumgif/0179f3a11e792e53eff4ca4141dc3aeb3266136f94a70aad1bcafc5946f9884b.gif,"도망, 달리기, 찌질, 고조태, 친구2, 영화"
https://2runzzal.ecn.cdn.infralab.net/thumgif/oyk7urcobJ.gif,"겐지, 류승룡기모찌, 필살기, 표창, 오버워치"
https://2runzzal.ecn.cdn.infralab.net/thumorg/c53d81ef3ca3f9e37889c3f5e76d58d1ab24b9a67ab2eba8dd06368f18b21b4c.jpg,"빼박캔트, 수습불가, 엎질러진 물, 아는형님, 김희선"
https://2runzzal.ecn.cdn.infralab.net/thumgif/2VibYbeFIa.gif,"수박, 세상행복, 강아지, 기쁨, 좋아"
https://2runzzal.ecn.cdn.infralab.net/thumorg/1694019c0778346b876305c493a1f36d506055b40eee5d9fd64988015e7b04dd.jpg,"유재석, 역겹다, 역겨워, 혐오, 혐오스러워"
https://2runzzal.ecn.cdn.infralab.net/thumgif/7da1618c-6dab-7bc1-b955-8eb70ac09449.webp,"뮤직뱅크, 감스트, mosquito"
https://2runzzal.ecn.cdn.infralab.net/thumorg/f183491382d50bed1f4d945c7326e14346dc241a1a5fa5b23aaa37d33b96c66a.jpg,"죽기좋은날, 봐봐 죽기엔 좋은 날이야"
https://2runzzal.ecn.cdn.infralab.net/thumorg/89223400d38835830ca0c8b4fa8c468477a56652af538aacb5e7b427f41e4a84.png,"용돈, 세뱃돈, 돈, 에비츄, 기쁨"
https://2runzzal.ecn.cdn.infralab.net/thumorg/9559fcc6dfe8843cab9ac5475ceddbfa23eaa67ba75be82f8a3ea0b68bcf5f29.jpg,"무한도전, 데프콘, 빡침, 돌진, 덤벼"
https://2runzzal.ecn.cdn.infralab.net/thumgif/f7943e17-00d3-7c5b-5efe-70da636a8fed.webp,"아는 형님, 아이유, 웃음, 좋아"
https://2runzzal.ecn.cdn.infralab.net/thumorg/27620ba524e8e109659abcbabaf49da92a96fa12c7e3f581aeb3c6574abc96f1.jpg,"털썩, 실패, 좌절, 허망"
https://2runzzal.ecn.cdn.infralab.net/thumgif/dd61a98a-88b7-e39d-6fa0-f7d9311c59a9.gif,"해리, 김연아 따라하기, 하이킥"
https://2runzzal.ecn.cdn.infralab.net/thumgif/8e73ac30-dc1d-f7ba-c947-aa658c0905eb.webp,"이상윤, 그럴수있어, 오케이, 집사부일체"
https://2runzzal.ecn.cdn.infralab.net/thumorg/1aefefc6c411a690a24ca28c130153c160aa3c24b13ab19f98a32ffefc551b27.png,"선생님, 말걸어요, ㅂㅅ, 놀림"
https://2runzzal.ecn.cdn.infralab.net/thumorg/bc3de9b946e71fe4f3b0e3c571b99ac28bf375745fd4de87b69c3f58a5d209a3.jpg,"무한도전, 박명수, 나를 아주... 트래쉬 됐네, 쓰레기 됐네, 내가 쓰레기네"
https://2runzzal.ecn.cdn.infralab.net/thumorg/10ad33e4235f4d75ae8c03e829921004686e991af2ea7c1127a9afef578caf85.png,"박하선, 하이킥, 경멸, 짜증"
https://2runzzal.ecn.cdn.infralab.net/thumorg/00d4f5d6af56ea5174b821bb75fc0777b2f85ac5bb6daec8427e5fc9718b0647.jpg,"호오, 이새끼 보소, 토마스, 호오 이새끼 보소"
https://2runzzal.ecn.cdn.infralab.net/thumgif/afaeccae-b3bb-f208-32c6-61fd30067e65.webp,"이다희, 뷰티 인사이드, 울었어요?"
https://2runzzal.ecn.cdn.infralab.net/thumorg/e046b8c780162cb5e0aa6583af3f10aece02fcd8cbc5482126326d8199a6074d.png,"주름이, 잉여, 방구석 잉여"
https://2runzzal.ecn.cdn.infralab.net/thumgif/2405ed31-bc7d-0f3c-9f77-5d72d12e0cd5.webp,"하성운, 복면가왕, 봉인해제, 워너원"
https://2runzzal.ecn.cdn.infralab.net/thumorg/ed7fe14878c70e37599065605addb903c290bed7f25a058d385a82d20c008239.jpg,"핵폭탄, 부셔버리자, 삡"
https://2runzzal.ecn.cdn.infralab.net/thumorg/7bf0552d9c82e8c4961c69adb82fd971ed05d266a1a3a328465b6909186619da.jpg,"아무것도 안하고 싶다, 귀찮, 유해진"
https://2runzzal.ecn.cdn.infralab.net/thumgif/XSDKn1VWMv.gif,"박보영, 한화, 응원, 승리요정"
https://2runzzal.ecn.cdn.infralab.net/thumorg/H4FT0TErpL.jpg,"싸대기, 코미디 빅리그, 김치, 김치 싸대기"
https://2runzzal.ecn.cdn.infralab.net/thumorg/0f3d0f4e953107b2fbe3d9200c2bfeede218bc9cb1bed934bb013456dfd77593.JPG,"분통, 화남, 짜증, 북한 학생, 생각만해도 분노가 치밉니다"
https://2runzzal.ecn.cdn.infralab.net/thumorg/96bBdqVuiq.jpg,"노홍철, 황당, ?, 무한도전, 무도, 무도 짤"
https://2runzzal.ecn.cdn.infralab.net/thumgif/YQXtzSFTbt.gif,"티팬티, 요염, 돼지"
https://2runzzal.ecn.cdn.infralab.net/thumgif/82f0bc7a-3c7c-43e1-3d99-3e812f53b4c7.webp,"노트북, 키드밀리, FLEX, 일일매니저"
https://2runzzal.ecn.cdn.infralab.net/thumgif/9c673983-5442-1f69-2446-c6557c15d78b.webp,"이상윤, ㅋㅋㅋ, 웃기다, 집사부일체, 믿을만 해야 믿지"
https://2runzzal.ecn.cdn.infralab.net/thumgif/73083e02-f140-717e-a62e-f6a94a652cac.webp,"고수, 흉부외과, 슬픔, 의사"
https://2runzzal.ecn.cdn.infralab.net/thumgif/el1BLZR7bB.webp,"추사랑, 바나나, 슈퍼맨이 돌아왔다, 어깨 으쓱"
https://2runzzal.ecn.cdn.infralab.net/thumorg/752309a5e61842586d432efe1f0b82cea79726875fd16db746fd82b6bb3df7d6.jpg,"정준하, 화난 정준하, 무한도전, 무도, 이것들이 보자보자 하니까, 무한상사"
https://2runzzal.ecn.cdn.infralab.net/thumgif/c079132c-c0f8-f369-7acf-a9268e8c3930.gif,"ㅋㅋㅋ, 최화정, 밥블레스유, 웃음, 웃김, 깔깔"
https://2runzzal.ecn.cdn.infralab.net/thumgif/8oathKsDlx.webp,"급 이쁜척, 혜리, 유라, 따라하기"
https://2runzzal.ecn.cdn.infralab.net/thumgif/96a49ab7cade3f41ef8174c1d0fd6cf30d4d18ec3319f3a0f2d44fe6b88a1637.gif,"공격, 받아라, 분필 공격, 결투"
https://2runzzal.ecn.cdn.infralab.net/thumgif/9bd45910-78f1-9238-732e-84d0b6bd911c.webp,"부탁해, 우주소녀, 엑시"
https://2runzzal.ecn.cdn.infralab.net/thumgif/4420dd09-dc0d-be5e-61a9-4975a8cdeee9.webp,"뷰티 인사이드, 서현진, 짜증"
https://2runzzal.ecn.cdn.infralab.net/thumgif/77381bd6-b911-0e2c-1bab-5a6d4d8551ce.webp,"눈치, 연플리, 설렘, 플레이리스트"
https://2runzzal.ecn.cdn.infralab.net/thumgif/19244323c092261b16d9e1320bb539310485ab92e121b098c827191a0f25d1b4.webp,"클템, 김동준, OGN, 리그오브레전드, 롤 잘 아는 예쁜누나"
https://2runzzal.ecn.cdn.infralab.net/thumorg/675d9b2bbfb4fc4785e98597a86c2a4c96d7fb01b8e20eaa39083327a4f4032c.jpg,"펀치, 깜짝놀람, 싸대기, 레바"
https://2runzzal.ecn.cdn.infralab.net/thumorg/ef7d257ceab75d410070b4377bfbf218bcbbc36a6ac98056306931c4dda8306c.png,"짜질게, 짜지다, 짜짐, 소금, 꺼지다, 짜져, 소금처럼 짜질게"
https://2runzzal.ecn.cdn.infralab.net/thumorg/f5b8b2443df48c34f6ec73fca7d0d8efc103386845070dbb152747d1b8d6395a.jpg,"조까, 심슨, 꺼져, 바트 심슨"
https://2runzzal.ecn.cdn.infralab.net/thumgif/437e413c-db4b-2547-11fa-8ee29f96f60e.webp,"쇼미더머니777(트리플세븐), 호응"
https://2runzzal.ecn.cdn.infralab.net/thumgif/eb9eb870-7668-efa6-16ea-ea550aa02405.webp,"라비, 빅스, 팬심은 위대합니다, 방문교사"
https://2runzzal.ecn.cdn.infralab.net/thumorg/e268d3fa763400b5cc508a64af27b7f1913b2396dc28f5f8e6a1c06fce203453.jpg,"피곤한가 환청이 들리네, 환청, 환청이 들리네, 피곤한가"
https://2runzzal.ecn.cdn.infralab.net/thumgif/87af9ba1-e0c0-228c-2c08-aa80ce718287.webp,"히든싱어5, 김조한, 고뇌"
https://2runzzal.ecn.cdn.infralab.net/thumgif/fd8eb24a-195b-e639-aa57-ce310ab406e5.webp,"내 뒤에 테리우스, 정인선, 놀람"
https://2runzzal.ecn.cdn.infralab.net/thumgif/c1b4a4a9-9299-ba66-e415-57e2a9328402.webp,"뷰티 인사이드, 이민기, 접근, 다가오다, 팔짱"
https://2runzzal.ecn.cdn.infralab.net/thumorg/815e9f46398d748b8107c940d4cbd8930d7a75574aec22bcd6021fd4c2621403.jpg,"몰개, 놀람, 헉, 뜨억, 깜짝"
https://2runzzal.ecn.cdn.infralab.net/thumgif/f6f205a6-8fee-923b-1d70-9b83c81142ef.webp,"쇼미더머니777, 쇼미더머니, 푸쳐핸섭, 팔로알토"
https://2runzzal.ecn.cdn.infralab.net/thumgif/1586171b-f517-2b39-b1a4-dcdc0f3875cb.webp,"줄리엔강, 몸매, 몸짱, 근육, 하이킥, 짧은다리의 역습"
https://2runzzal.ecn.cdn.infralab.net/thumgif/fb507746-d0ee-637f-f559-a29d1f1a668c.webp,"댄싱하이, 청하, 어깨춤, 둠칫"
https://2runzzal.ecn.cdn.infralab.net/thumgif/ib490lQ01y.gif,"야구, 포수관점, 변화구, 싱커, 투수"
https://2runzzal.ecn.cdn.infralab.net/thumgif/k11zvFPSKm.gif,"이제훈, 여우각시별, 한밤, 손하트"
https://2runzzal.ecn.cdn.infralab.net/thumgif/2f6a9da3-62ff-b4e3-051b-24a00a13ab6a.webp,"권혁수, 패션고, SNL, 패션왕"
https://2runzzal.ecn.cdn.infralab.net/thumgif/0bc41548-2904-fefc-e2ed-77f4e2f0dc35.webp,"송민호, 황당, 신서유기5"
https://2runzzal.ecn.cdn.infralab.net/thumorg/85d99ac9bd921e323cb1ce8336ebdf6df307fb75543131b3bacaf929ef87eaff.jpg,"감격, 정주행, 드디어정주행마지막, 감격스러워, 마침내 이걸 보기위해 태어난거야"
https://2runzzal.ecn.cdn.infralab.net/thumgif/463a7ff6-ca23-be64-7325-7e67cae7f63e.webp,"송하윤, 버럭, 화남, 마성의 기쁨"
https://2runzzal.ecn.cdn.infralab.net/thumgif/nvD9p7Lm7c.webp,"세미나, 미나, 아이돌"
https://2runzzal.ecn.cdn.infralab.net/thumorg/fa6748cc03a7b8cab7264d6f60d680b14271ad8aef6d94c3b6ccc9f05a114d5b.jpg,"끝내준다, 짱, 대박, 핀과 제이크, 어드벤처, 핀"
https://2runzzal.ecn.cdn.infralab.net/thumorg/gfHUpOuFBJ.jpg,"황광희, 무한도전, 심사숙고, 두뇌 풀 가동"
https://2runzzal.ecn.cdn.infralab.net/thumgif/2fdc2711-8e2e-f42d-4268-1487ceda1cbe.webp,"정해인, 끝, 밥블레스유, 종료"
https://2runzzal.ecn.cdn.infralab.net/thumorg/LTscVfLIfJ.png,"루피, 초신성, 원피스, 신인"
https://2runzzal.ecn.cdn.infralab.net/thumgif/f835cc5a-74ac-1c4d-4a90-05c551f88942.webp,"서인국, 하늘에서 내리는 일억개의 별, 눈빛, 응시"
https://2runzzal.ecn.cdn.infralab.net/thumorg/a3b3f7ef65f187cb3e1bec431aee739fee58872c8c20ce677c57db7202a6c93b.jpg,"웃픔, 웃픈짤, 웃픔, 감동, 유지대"
https://2runzzal.ecn.cdn.infralab.net/thumgif/2b8eac3f-16d1-3856-48b3-e91055319278.webp,"이민기, 웃음, 엘리베이터, 뷰티 인사이드"
https://2runzzal.ecn.cdn.infralab.net/thumgif/8b82c2ff-1767-b235-8eab-1868fe95b33f.webp,"싸다구, 뭐야, V, 박재범, 뮤비"
https://2runzzal.ecn.cdn.infralab.net/thumgif/Q2uc17UhdR.gif,"길태미, 박혁권, 하.. 미치겠네, 미치겠네, 어이 없음"
https://2runzzal.ecn.cdn.infralab.net/thumgif/d3dbf678-0a68-d1cd-5512-8db34172e410.webp,"쇼미더머니777(트리플세븐), 창모, 마에스트로"
https://2runzzal.ecn.cdn.infralab.net/thumorg/ff16950a7f9dc542f2fd039420c4c0a6a25b41695e7dbfdbc74398c0c9f1bd20.jpg,"나 지금 화낸다, 박명수, 화남, 짜증, 무한도전, 무도, 무도 짤"
https://2runzzal.ecn.cdn.infralab.net/thumgif/ACv2JEcoFK.webp,"어벤져스, 캡틴 아메리카, 캡아, 방패 던지기"
https://2runzzal.ecn.cdn.infralab.net/thumgif/pGrGJA5ARG.webp,"짝짝, 박수, 칭찬, 잘했어요, 농담곰"
https://2runzzal.ecn.cdn.infralab.net/thumgif/9c55b4ed67b8609bdba0b61f0d4c0e81f1f6304cba7f061a78e604cedcbfb152.webp,"지우빈, 이순정, 남자사람친구 14일전, 난 니가 웃는게 좋아"
https://2runzzal.ecn.cdn.infralab.net/thumgif/LT5WkdafN0.gif,"옹성우, 하성운, 박지훈, 워너원, 수트"
https://2runzzal.ecn.cdn.infralab.net/thumgif/794bd9e3-4d1b-a4bf-d892-49244f2dcc3d.webp,"쇼미더머니777, 더콰이엇"
https://2runzzal.ecn.cdn.infralab.net/thumorg/2952b90bb5d7cc018af1ae4abff32cd92fbd0c48804428d9d69bab08da9e3825.JPG,"출근 싫어, 월요일 아침, 일하기 싫다, 하기싫다, 심슨"
https://2runzzal.ecn.cdn.infralab.net/thumgif/epqvhXaEsh.gif,"조이, 우리 결혼했어요, 우결, 깜짝이야, 깜짝"
https://2runzzal.ecn.cdn.infralab.net/thumgif/80d96e88-ae3b-cdf5-00bb-ad3ba7f77570.webp,"힐끔, 스윙스, 쇼미더머니777"
https://2runzzal.ecn.cdn.infralab.net/thumgif/DY2ZLghYdB.webp,"오예, 환호, 짝짝, 신난다, 대박"
https://2runzzal.ecn.cdn.infralab.net/thumgif/20ae3478-68e2-860f-d213-7fa4f380912d.webp,"나 혼자 산다, 박나래, 김해김 카다시안, 카다시안"
https://2runzzal.ecn.cdn.infralab.net/thumgif/982abde7-5f88-940e-058a-b938c8faf240.webp,"방문교사, 마이크로닷, 반짝반짝"
https://2runzzal.ecn.cdn.infralab.net/thumorg/e0f974bd83fb9ae2b9eaa2c7fd075f8703bb0e33b4fdf43a0d765bedcf69157b.jpg,"야나두, 조정석"
https://2runzzal.ecn.cdn.infralab.net/thumgif/6eecced5-7abd-4216-ae2e-afbc3151d4de.webp,"플레이리스트, 연플리3, 연애플레이리스트시즌3, 이현승"
https://2runzzal.ecn.cdn.infralab.net/thumgif/ac9cbcf6eeb24229215040bee626334a99a4ce7d12532c47abf09696a00485ca.webp,"아무것도 안했는데 벌써, 시간, 시간이 빨리 가"
https://2runzzal.ecn.cdn.infralab.net/thumgif/91edb9b5-429e-756e-cb5e-20b337a14824.webp,"쇼미더머니777(트리플세븐), 더콰이엇, 잘한다"
https://2runzzal.ecn.cdn.infralab.net/thumgif/C6Niv5zWC3.webp,"죄송, 도재욱, 아프리카TV, BJ, 합장, 굴욕짤"
https://2runzzal.ecn.cdn.infralab.net/thumorg/4ac5393c89c263945dd94ef2fee633ff1f863f6496035c69371df512ac810f82.jpg,"알라뷰, 타노스, 마블, 사랑한다, 어벤져스"
https://2runzzal.ecn.cdn.infralab.net/thumgif/83eeb347-3ed0-6474-ff8e-15f11eba30d0.webp,"이다희, 분노, 화남, 뷰티 인사이드"
https://2runzzal.ecn.cdn.infralab.net/thumgif/930688a2-381b-dc08-bc67-fe8c55923dad.webp,"쇼미더머니777(트리플세븐), 창모, 신남"
https://2runzzal.ecn.cdn.infralab.net/thumorg/1a740065767b7df479c737724912cf62545ad1b8f7912f3d88d24409a0d52602.jpg,"아씨발꿈, 꿈, ㅆㅂ, 잠, 자다깸"
https://2runzzal.ecn.cdn.infralab.net/thumgif/8b183b86-9c17-2790-58d9-58fa848f7785.webp,"해리, 하이킥, 지붕뚫고 하이킥, 피겨, 김연아랑 합성"
https://2runzzal.ecn.cdn.infralab.net/thumorg/d73612492ab8011d8c5c2ed86cd79e6d853f443ca7a65c5e0f6a1a3bf2c57b79.jpg,"들뜸, 나 약간 흥분된다 지금, 박명수, 무한도전, 무도"
https://2runzzal.ecn.cdn.infralab.net/thumgif/iXlDzJ9tOY.gif,"다솜, 민경훈, 아는형님, 토쟁이, 이수근, 황당"
https://2runzzal.ecn.cdn.infralab.net/thumorg/49c1406bc87c9ad7c6a47c4fd2976ad7105b25615e53dbd3d40e508baf203f81.jpg,"연애혁명, 어이상실, 어이없음, 유재석"
https://2runzzal.ecn.cdn.infralab.net/thumgif/8mWPIEGWsC.webp,"최예나, 오렌지주스 뱉음, 주륵, 프로듀스48"
https://2runzzal.ecn.cdn.infralab.net/thumgif/737dcf8da39ac5de244941585dfae4a8fd6bbc7293a8f148383691654c50cfb4.webp,"미나, 쮸, 미나 츄!, 트와이스"
https://2runzzal.ecn.cdn.infralab.net/thumgif/da35377e8af0571c1daa7bf5687ccabffdb04c7ef1891efa7f35bc84486c3c02.gif,"으이씨, 아이씨, 아으씨, 우이씨, 으IC, 아으C, 심한말, 집사부일체, 양세형"
https://2runzzal.ecn.cdn.infralab.net/thumgif/2ccf3b7a-fc01-f5d9-06a9-a3adf1a1d9fb.webp,"김하나, 에이틴, 나은, 한숨, 안도"
https://2runzzal.ecn.cdn.infralab.net/thumgif/2856442e-6931-7fae-4784-cb3cf7df6a13.webp,"박나래, 끔찍, 생각만해도 끔찍, 나혼자 산다"
https://2runzzal.ecn.cdn.infralab.net/thumgif/9140269f-608e-4471-00a1-d7af9fb9bc49.webp,"썬글라스, 고개, V, 박재범, 브이"
https://2runzzal.ecn.cdn.infralab.net/thumorg/xwX7407FOP.jpg,"글썽, 카이지, 눈물, ㅠㅠ"
https://2runzzal.ecn.cdn.infralab.net/thumorg/c79b7d23daf2cc78f26d94341869e67f31d6d1e7c3b43baa97b018b320fb67cc.jpg,"부끄럽다, 창피, 강아지, 시바, 눈 가림"
https://2runzzal.ecn.cdn.infralab.net/thumorg/9c26cb83ff1223c5415df880d751e7c1532be651011ff0c2acf4864134dfa432.jpg,"먹어, 이거먹어, 엿먹어, 찡긋"
https://2runzzal.ecn.cdn.infralab.net/thumgif/de57d264cae9a4658e3f55fe37df3555eda16130fbfa95264867be8d91bdd093.webp,"호구, 타짜, 김혜수, 살살, 구슬려, 예리미, 고개 끄덕"
https://2runzzal.ecn.cdn.infralab.net/thumorg/ff070be4b81e4ede22574991ac336ad50d9ab5c2a16a8b08d0d7fd16feb9f8b8.png,"경고, 까불지마, 누룽지로 만들어버린다, 한 번만 더 지랄하면 누룽지로 만들어버릴거야"
https://2runzzal.ecn.cdn.infralab.net/thumorg/57570d6ae60d1a5c25560fb01f0623fe378739c793a629c4401a668b3c9607ff.jpg,"아, 그래요?, 무시, 올빼미"
https://2runzzal.ecn.cdn.infralab.net/thumorg/98c8f8d56718d37d1538dc5dafb80313d4a6a0e4893b2c43027feb714e478efa.jpg,"단체놀람, 쩍, 여러명, 뜨아"
https://2runzzal.ecn.cdn.infralab.net/thumgif/d80bcb90-a7af-e71f-9c5a-abc222bfc31e.webp,"수미네 반찬, 선생님 가세요, 김미숙, 제발 가세요"
https://2runzzal.ecn.cdn.infralab.net/thumorg/32f5fd3cbace1a917af8b7452f78156d13b7d5b0743c98af1d18ee074ea773e0.jpg,"감사, 고마워, ㄱㅅ, 기모찌, 감사합니다, 물개"
https://2runzzal.ecn.cdn.infralab.net/thumorg/f4d4d020e5a44c18ecaffb58b4ec3a44e54718810f5df9663d7b53126d934e97.JPG,"양현석, 째려보기, 눈 흘김, 슈퍼스타케이"
https://2runzzal.ecn.cdn.infralab.net/thumgif/831c6632-225c-e421-8ac0-17e634ed424d.webp,MLB 핫클립
https://2runzzal.ecn.cdn.infralab.net/thumgif/x7hv5XKqvJ.gif,"줌인, 엔딩, 아이린, 웃음, 레드벨벳"
https://2runzzal.ecn.cdn.infralab.net/thumgif/VHeB1AZcN1.gif,"혜리, 맛있다, 진짜사나이, 너무 맛있다"
https://2runzzal.ecn.cdn.infralab.net/thumorg/6184f20225e360967ddbad80b312e3a16c958e4b16cd374f39ca0756f69d9421.jpg,"햇님, 해, 순수, 기상, 일어나, 아기 얼굴"
https://2runzzal.ecn.cdn.infralab.net/thumgif/b76294d6-3605-1a64-2692-b12d5316b759.webp,"스파이더맨, 점프, 구출, 친구 구하러 가는중"
https://2runzzal.ecn.cdn.infralab.net/thumorg/57c3367d3915b0467284d6518398a15503a7ea71ca922403b700dc7a2d6bc542.png,"오글거리다, 닭살, 부끄러워"
https://2runzzal.ecn.cdn.infralab.net/thumorg/a1G4GqjJ2I.jpg,"인생이란, 선택한 대로만 되지 않는게 인생이야, 꿀밤, 뿅망치, 맞아라"
https://2runzzal.ecn.cdn.infralab.net/thumorg/a222bd82362524b3f8c62691ff4d661a590cd5aeb045e2f744178002d21459f6.jpg,"창피함, 이불킥, 창피"
https://2runzzal.ecn.cdn.infralab.net/thumgif/e8d40922-057a-7efa-3f18-8c4a867d30ef.webp,"조준, 김성령, 아는형님, 총"
https://2runzzal.ecn.cdn.infralab.net/thumgif/1d3dca3f-413a-32d3-c9ee-0df82c320543.webp,"이나경, 프로미스나인, LOVE BOMB, 인기가요"
https://2runzzal.ecn.cdn.infralab.net/thumgif/a18714a3-e603-4f81-7976-8b62abd6a41c.webp,"가로채널, 강호동, 웃음, 껄껄"
https://2runzzal.ecn.cdn.infralab.net/thumgif/701370d3-98cf-711e-d16e-fd6e01731f39.webp,"넉살, 쇼미더머니777(트리플세븐), 쇼미더머니"
https://2runzzal.ecn.cdn.infralab.net/thumorg/0e21e07145f6e8a190ff611bd253bb4995faa34b27c3e81c4146be8528a658bd.jpg,"사랑은존재하지않아요, 이별, 글귀, 병나발, 명언"
https://2runzzal.ecn.cdn.infralab.net/thumgif/e1d2f524-b380-f5bc-75c9-70274e7e1508.webp,"박정우, 운동, 플레이리스트, 연플리"
https://2runzzal.ecn.cdn.infralab.net/thumgif/C82LFOfmn5.webp,"꿀렁, 웨이브, 엑소, 콘서트"
https://2runzzal.ecn.cdn.infralab.net/thumgif/0d2c7c65-03fd-f562-eb3c-e14643829eb7.webp,"전현무, 손짓, 설명, 라디오스타"
https://2runzzal.ecn.cdn.infralab.net/thumorg/e01ae36ccb5507b17976be7de5da5cf15cabc7131792155a3033de04532c7666.jpg,"싸다귀, 뺨, 닥쳐, ㄷㅊ"
https://2runzzal.ecn.cdn.infralab.net/thumorg/240253bdb5591b871a200ee15849c0a7b273b194cbd5b9b2cf36a1afb84d1950.jpg,"박진영, jyp, 엥, 놀람, 황당"
https://2runzzal.ecn.cdn.infralab.net/thumorg/b0e0526ae6c6d22a7f9468f6be71e36488a09fba714426470f18ab948027d780.jpg,"비둘기, 닭둘기, 라면, 맛있어, 마시써!"
https://2runzzal.ecn.cdn.infralab.net/thumgif/b1472bfd0648b9de7f566e2f6b0f963d2c7bcb145a8077c913ea06fb583d68eb.webp,"배당, 탁재훈, 당황은 무슨, 베팅, 아는 형님"
https://2runzzal.ecn.cdn.infralab.net/thumorg/d3e481f299cd0f3168470bf9ccabc2875c6d115e9ba26535d686cfc04cdb7135.jpg,"까꿍, 빼꼼, 다람쥐, 하늘다람쥐"
https://2runzzal.ecn.cdn.infralab.net/thumgif/e88902f7-6af5-eccb-5d5d-e26a6d684c4b.gif,"골프 해리, 겨울, 골프, 하이킥"
https://2runzzal.ecn.cdn.infralab.net/thumgif/2e75b323f1669c8e89fdfae6ae69732d37a28ed65cfb645c1c9df1d58eedd5c2.gif,"나은, 바이킹, 꿀나은, 슈퍼맨이 돌아왔다"
https://2runzzal.ecn.cdn.infralab.net/thumgif/e15cf005-1b4c-423a-30af-a9800e21f705.webp,"한혜진, 웃음, 어이 없음, 나 혼자 산다"
https://2runzzal.ecn.cdn.infralab.net/thumorg/ae910fc51f1c4ef42557ffcd840caa688a66591fab3d5cd8b43fbbabac55744d.jpg,"진짜개같아, 기분나빠, 화남, 빡침"
https://2runzzal.ecn.cdn.infralab.net/thumgif/9accc543-6fb2-acaf-66eb-5186f60e4859.webp,"예빈, 유니티, 난 말야, 정신 못 차리게, 뮤직뱅크"
https://2runzzal.ecn.cdn.infralab.net/thumgif/f3347ea7b66f2ba63cc1a035ae39c522c2ac8441a968dd8086731e55688bfac1.gif,"슬기, 주세요, 앙, 주세요!, 애교, 레드벨벳"
https://2runzzal.ecn.cdn.infralab.net/thumorg/58a9f0c5bd446cfe22c291d52000e5a52c4e15a9bedda6de4ef952b51282c1c5.JPG,"변명은 지옥에서 듣지, 화남, 총, 경고"
https://2runzzal.ecn.cdn.infralab.net/thumorg/N52JmbddED.jpg,"핵졸귀, 꿀벌, 졸귀, 핵졸귀꿀벌, 애기, 볼빵빵"
https://2runzzal.ecn.cdn.infralab.net/thumorg/0NEuNSS8az.jpg,"셀카, 눈물, 유병재, 눈물 셀카"
https://2runzzal.ecn.cdn.infralab.net/thumgif/ip54OWiLfe.webp,"기분 되게 나빠예, 로버트할리, 백년손님, 기분나빠요"
https://2runzzal.ecn.cdn.infralab.net/thumorg/adb63b03417bd75c498ae612d72f623bfcb6bb6007cbb03cf89c58a3fc0dbc0e.jpg,"표정엉망, 성질, 무도 짤, 정준하, 무한도전, 무도"
https://2runzzal.ecn.cdn.infralab.net/thumorg/4aaf7b651c16cd01a2151554038b480ec1e1fa6e093eaf243e7f79ff9de61786.jpg,"불 안끄고왔다, 충격, 허거걱, 허걱"
https://2runzzal.ecn.cdn.infralab.net/thumorg/36c50dfd1b9d8cd0eeb99ad643a94a690d2d5ae2a7fd4e1503a0eab6458fba08.jpg,"놀란 표정, 이럴수가, 코알라, 놀람, 입 벌림"
https://2runzzal.ecn.cdn.infralab.net/thumgif/7ae214fc-5758-638b-63c9-3a752d92a343.webp,"비니, 불꽃놀이,오마이걸, M COUNTDOWN"
https://2runzzal.ecn.cdn.infralab.net/thumorg/ea4a003090d10d2c53c36eee7521bfec7d5c012c47179b0796449c8b7d488b25.jpg,"씹덕사, 씹덕, 관, 주접"
https://2runzzal.ecn.cdn.infralab.net/thumorg/5419bbb6f6b949e8daf1f8b5282c0e87b7cdc500f9f4f074db54b71362db750e.jpg,"말아먹음, 망함, 국밥, 한 그릇 뚝딱"
https://2runzzal.ecn.cdn.infralab.net/thumorg/a4fa5afc53a331cb84338b30ef204e41887bc8e0ad0ca4127017b040303caeb2.JPG,"참외롭다, 참외, 과일, 모태솔로, 외롭다"
https://2runzzal.ecn.cdn.infralab.net/thumgif/Sq5hAY0Iaj.gif,"이세영, 놀림, 귀여워 죽겠어"
https://2runzzal.ecn.cdn.infralab.net/thumorg/25e09929e7b1897851b97e268ea6c40a4e35686ea8f53312fee45b10598ebf3b.jpg,"호우, 희번득, 옹성우, 워너원"
https://2runzzal.ecn.cdn.infralab.net/thumgif/b88bc11f-1c3e-35e5-6f46-0bcc7159b972.webp,"공주커플, 송하윤, MBN 수목드라마 마성의 기쁨"
https://2runzzal.ecn.cdn.infralab.net/thumorg/bb7984b20cff809cd1b2b7d44d1f325f1e4aa6fff903319e32de9adef870049f.jpg,"슬픔, 억울, 눈물"
https://2runzzal.ecn.cdn.infralab.net/thumorg/da7e027091d4d16ebedbc054452170da7d39732de03fd232c26b95e0c7c1c4e6.jpg,"유정, 아이오아이, 아는형님, 미안혀, 사과, 미안, 죄송"
https://2runzzal.ecn.cdn.infralab.net/thumgif/9a4bba86d5b2367678fade9a0b51d0adc4f80ecf211fcafeac0ad3da1ec0018d.webp,"설현, 껌씹기, 깝침, 껄렁껄렁, 깐죽깐죽, aoa"
https://2runzzal.ecn.cdn.infralab.net/thumorg/fa9ce56c4c2fdf6dfdb5eec2abfc78d9cebdad331583e7bd525071de5037f830.jpg,"많이컸다, 김구라, 야 너 많이 컸다?, 비꼼, 라디오스타"
https://2runzzal.ecn.cdn.infralab.net/thumorg/eQoWv4cifK.jpg,"은하, 이거야, 여자친구, 엄지 척, 먹방, 맛있다"
https://2runzzal.ecn.cdn.infralab.net/thumorg/OMRD1WN8xq.jpg,"음흉, 미소, 음흉한 미소, 신동엽"
https://2runzzal.ecn.cdn.infralab.net/thumgif/755f5595-e8a0-89e2-578c-fec3819d3996.webp,"쇼미더머니777, 쇼미더머니, 관객, 환호"
https://2runzzal.ecn.cdn.infralab.net/thumorg/8d6193ec5ee5a05f972a76b462874092c69d2b9001d141e7cc3e2aaacfe049ce.jpg,"알았어 짜질게, 소금"
https://2runzzal.ecn.cdn.infralab.net/thumgif/n6cmAG9wJQ.webp,"피자, 음식, 먹방, 애니"
https://2runzzal.ecn.cdn.infralab.net/thumgif/782d995f-9f2a-ea1d-e8a4-1e5ed9051b14.webp,"쇼미더머니777(트리플세븐), 일리네어, 손동작, 일리네어 손동작, 호응"
https://2runzzal.ecn.cdn.infralab.net/thumorg/7e7966e9defdded5d6973c0514ddd7448dbbcb878c349c12c03fa53873a295e0.jpg,"ㅋㅋㅋㅋ, 타자치기 귀찮음, ㅋㅋ, 웃음"
https://2runzzal.ecn.cdn.infralab.net/thumgif/45523e48-e89e-58ce-a086-2fc09de3ad01.webp,"복면가왕, 심쿵, 레이디제인"
https://2runzzal.ecn.cdn.infralab.net/thumgif/be03a61f-98b2-f6a7-5fda-3dafd3846001.webp,"디보, 얼쑤, 스웩, 힙합, 쇼미더머니777"
https://2runzzal.ecn.cdn.infralab.net/thumorg/46bf01994ac1e33d124f199b5b019304c224ca062822de68c83a4642ebacac9f.jpg,"왜 말을 그렇게 해, 나빠, 미워, 박명수, 유재석, 무한도전, 무도"
https://2runzzal.ecn.cdn.infralab.net/thumgif/ec69a00e-2162-12e9-fc56-cec4a81bbc46.webp,"유우미, 뷰티 인사이드, 타이름, 달래기"