https://2runzzal.ecn.cdn.infralab.net/thumgif/ec7427b8fd21b00ef46bb78320ac5aef01569230c24dae5fd8bd45320ae17fba.webp,"무라세사에, 졸이쁨, 인기, 지켜본다"
https://2runzzal.ecn.cdn.infralab.net/thumgif/b7347ea2-13d1-53c8-ba15-b6962d7a3596.webp,"갓세븐, 럴러바이, M COUNTDOWN"
https://2runzzal.ecn.cdn.infralab.net/thumgif/c9fb0c65-143b-2f99-322a-c73b6df0af0f.webp,"으으으, 끔찍, 생각, 짱구"
https://2runzzal.ecn.cdn.infralab.net/thumgif/8eb5e074-ca54-c0a4-b3e4-b9451dea9982.webp,"불꽃놀이, 오마이걸, 엠넷, 엠카, 엠카운트다운"
https://2runzzal.ecn.cdn.infralab.net/thumgif/E1BC5eqUhd.webp,"?!, 양파, 제니, 양파죠"
https://2runzzal.ecn.cdn.infralab.net/thumgif/d40wxrtiaR.webp,"훈남, 미소, 웃음"
https://2runzzal.ecn.cdn.infralab.net/thumgif/966d3371-6e48-c503-d76a-f71df87edb43.webp,"소이현, 동상이몽2_너는 내 운명"
https://2runzzal.ecn.cdn.infralab.net/thumgif/wK749V1AaF.webp,"ㅃㅇ, 애니멀봐, 멀리안나간다"
https://2runzzal.ecn.cdn.infralab.net/thumorg/YbsV2DFTg1.jpg,"좋아, 최고, 너무좋아, 양세형, 라디오 스타"
https://2runzzal.ecn.cdn.infralab.net/thumgif/Nl26c1NP44.gif,"축구, 수비오픈, 넘어짐, 미끄럼, 김영권"
https://2runzzal.ecn.cdn.infralab.net/thumgif/ZoB5Z766v0.gif,"BJ, 봉준, 아프리카, 리액션, 묭묭묭, 극혐"
https://2runzzal.ecn.cdn.infralab.net/thumgif/uEeXvA5KpB.gif,"에브라, 수아레즈, 악수"
https://2runzzal.ecn.cdn.infralab.net/thumgif/81ebf7a635aff0f0b928b7092ec14eb2c2fa7aa12a2b58e93cc20a4479db96f7.webp,"등장, 우승후보, 쇼미더머니777, 나플라"
https://2runzzal.ecn.cdn.infralab.net/thumorg/8503dc4401bad1fdf526cf0ecb8e754bde3d6bfbb05c79d90d889d51c7adc3ec.jpg,"예민하니까 말걸지마.., 꺼져"
https://2runzzal.ecn.cdn.infralab.net/thumgif/gornKV3l5M.gif,"농락, 스케이트보드, 농락잼"
https://2runzzal.ecn.cdn.infralab.net/thumgif/51fb6478-be43-14e6-7423-5a24d84796d4.webp,"뷰티 인사이드, 이다희, 도도"
https://2runzzal.ecn.cdn.infralab.net/thumorg/939ee68e659c3513cf9fab267cae48e7855c34045884bf690dc7bdf219eeae02.jpg,"니얘기, 좋냐, 확, 팍씨, 쳐웃지마니얘기야"
https://2runzzal.ecn.cdn.infralab.net/thumgif/f1491115-67f6-85a8-ec50-9b77a0d5a5a6.webp,"내일도 맑음, 부탁, 눈물"
https://2runzzal.ecn.cdn.infralab.net/thumgif/d4c54cb3-a9ae-71be-ef10-c2f7f36bc0e1.webp,"연플리, 뭐야, 플레이리스트"
https://2runzzal.ecn.cdn.infralab.net/thumorg/f435b3515ffc1891f338b536d1df8e56bc08ccbb417b52f5942cc956bc3003c0.jpg,"혁오, 무도짤, 무한도전, 좋음"
https://2runzzal.ecn.cdn.infralab.net/thumgif/M1DJTIVBIj.gif,"개, 런닝머신, 운동, 강아지"
https://2runzzal.ecn.cdn.infralab.net/thumorg/d34f861966884077f13549f38fec6f2e46214a8af17b8ac81c178a678315ef25.jpg,"고인돌, 빡침옥수수, 강냉이, 옥수수 털겠다"
https://2runzzal.ecn.cdn.infralab.net/thumorg/ac5cb9ae504ccdb7304ec76e0a74da258874c5bc62796f35928db754d278b80f.jpg,"츤데레, 츤츤, 생축, 생일"
https://2runzzal.ecn.cdn.infralab.net/thumorg/dc10bf29681bc0b808ae2429c5a2c2237399c64830051a3f6af91cbc2bc7c03d.jpg,"웃겨, 카카오톡, 제이케이"
https://2runzzal.ecn.cdn.infralab.net/thumgif/30cfebe1-feeb-c8a7-b326-965341873c40.webp,"송하윤, MBN 수목드라마 마성의 기쁨"
https://2runzzal.ecn.cdn.infralab.net/thumgif/q0cw6Aoz4x.webp,"지켜본다, 보고있어, 만두"
https://2runzzal.ecn.cdn.infralab.net/thumgif/mum9uRMWGC.gif,"두통, 게보린, 뇌쇄"
https://2runzzal.ecn.cdn.infralab.net/thumgif/b15d5f1a8580fe6ef1a06fe6c322f09fcdc3ce76636301d14beb879034118a66.gif,"빙구미, 빙구 모모, 사나, 트와이스, 트둥이들"
https://2runzzal.ecn.cdn.infralab.net/thumorg/9761c3e31a3bef480090620b4cae58ab49027f1f84440f3cf009be7534936e82.png,"잡았다요놈, 걸려들었어, 철컹철컹"
https://2runzzal.ecn.cdn.infralab.net/thumgif/083a30337f3a9e4e6532c1fc08c3f373aaa697df81811f5b92c798434b4cb25f.webp,"개깜놀, 선미, 사이렌, 뮤비"
https://2runzzal.ecn.cdn.infralab.net/thumorg/8075b95efef9ae1590fbb29f6dc42aec5ce34c62a21529175b1a910f0d0fdf71.jpg,"구하라, 손가락엿, 손가락욕, 엿"
https://2runzzal.ecn.cdn.infralab.net/thumorg/6da187bf946b01159c82e05e1941b6b2315c5731bbb0b4079b65172bccd90daa.jpg,"아이린 예쁘다, 힝, 삐졌어, 칫"
https://2runzzal.ecn.cdn.infralab.net/thumgif/c8801cc1-b0e1-5789-e5a8-208c63f58f92.webp,"방문교사, 유병재"
https://2runzzal.ecn.cdn.infralab.net/thumgif/WfW6QYjMn7.gif,"뿌우, 아이유, 축하, 생축"
https://2runzzal.ecn.cdn.infralab.net/thumgif/fc844c03-3abe-db48-ee0c-abb222577293.webp,MBN 수목드라마 마성의 기쁨
https://2runzzal.ecn.cdn.infralab.net/thumgif/37f5732a-14a3-d552-7983-7560aa504c4c.webp,"이다희, 황당, 뷰티 인사이드"
https://2runzzal.ecn.cdn.infralab.net/thumgif/5224b323-9c3a-6be7-0b9e-d817c515b91a.webp,"이순정, 남자사람친구 14일전"
https://2runzzal.ecn.cdn.infralab.net/thumgif/2NhrmKm6IW.gif,"바이크, 위험, 죽을뻔"
https://2runzzal.ecn.cdn.infralab.net/thumgif/47dc4560-9203-303f-bdc6-5f8ec997baee.webp,"그녀로 말할 것 같으면, 한은정, 이미숙, 한은정눈빛"
https://2runzzal.ecn.cdn.infralab.net/thumorg/4efd42b3772bb4d59a183d3de63f6d9d18dab92f5ae64e1117efd110eac0265c.jpg,"나대거나, 깝칠때, 남자가, 잘리고싶으면더지껄여봐"
https://2runzzal.ecn.cdn.infralab.net/thumorg/rc5Rg52avV.jpg,"개빡침, 화났다, 개화남"
https://2runzzal.ecn.cdn.infralab.net/thumorg/Gps6p4aZQM.jpg,"추석, 추석짤, 한가위, 한가위짤"
https://2runzzal.ecn.cdn.infralab.net/thumgif/iG7PF9Hl0x.webp,"대형사고, 오하영, 뽀뽀, 에이핑크, 보미"
https://2runzzal.ecn.cdn.infralab.net/thumgif/ea15348d-d679-a616-b9bd-d81641ae89a4.webp,"셀수없는, 샤이니, Countless, 뮤비"
https://2runzzal.ecn.cdn.infralab.net/thumorg/64b8793d572bfbcca4b0c7e0e80919b169f5ec33925a4a08d9ebc9aeb6fd95ba.jpg,"명치, 추성훈, 명치맞고시뿐사람"
https://2runzzal.ecn.cdn.infralab.net/thumorg/9b908939f31955217ee20f2c047c0bbf6f3cd33ff4cd8c214329c33f79f591e1.jpg,"포돌이짤, 잡았다요놈, 잡았다"
https://2runzzal.ecn.cdn.infralab.net/thumgif/6de292c8-a1df-20e7-d886-53f822b88a9c.webp,"나 혼자 산다, 기안84, 이시언, 윷놀이"
https://2runzzal.ecn.cdn.infralab.net/thumorg/HHZ855zUoe.jpg,"몇번, 까놓고, 몇번은 맞았을거야"
https://2runzzal.ecn.cdn.infralab.net/thumorg/IEYBufAMSr.jpg,"둘이같이?, 누구먼저, 으잉?, 왜?"
https://2runzzal.ecn.cdn.infralab.net/thumgif/284c32ad-a64e-366f-8788-1665329248b6.webp,"이게뭐람, 위키미키, 아이돌룸, 최유정"
https://2runzzal.ecn.cdn.infralab.net/thumgif/eae1390b-8c38-2070-ee34-7b49dda8cafe.webp,"쇼미더머니777(트리플세븐), 쇼미더머니777"
https://2runzzal.ecn.cdn.infralab.net/thumgif/906830d7-9d0f-ca21-d8dd-764f6bc2078e.webp,"서현진, 먹방, 뷰티 인사이드"
https://2runzzal.ecn.cdn.infralab.net/thumgif/3a53b830-b41d-6da7-7a62-ca9095db4490.webp,"쇼미더머니777(트리플세븐), 쇼미더머니777"
https://2runzzal.ecn.cdn.infralab.net/thumgif/96e400e6-2f9e-e6a8-06e4-64640886ed19.webp,"수미네 반찬, 김수미, 반찬, 레시피, 미카엘"
https://2runzzal.ecn.cdn.infralab.net/thumgif/TsnMBOx5ek.gif,"썬글라스, 패러디, 트와이스, 다현"
https://2runzzal.ecn.cdn.infralab.net/thumgif/EBj0UQdSjm.gif,"강아지, 개, 댕댕이, 치와와, 구걸, 밥줘"
https://2runzzal.ecn.cdn.infralab.net/thumorg/1bdd5a8342e371a1e2b8a66c1d186f73abff0c08fc3f3486fe9914bef8caadfb.JPG,"짱구짤, 어느걸입을까, 코디, 옷선택, 최대난제"
https://2runzzal.ecn.cdn.infralab.net/thumgif/IcfzLbqAyc.gif,"물개, 박수, 축하, 좋아"
https://2runzzal.ecn.cdn.infralab.net/thumorg/6847b103cbb375a7069f263c549d574a96eb8c692670c9136030af5f15500bbc.JPG,"눈물, 눙물, 하아"
https://2runzzal.ecn.cdn.infralab.net/thumorg/a261fce656fd9b51a5a81acafb922181213a0a7324732b140edda54d17635834.JPG,"못생겼어요, 오징어가말을한다, 오징어, 못생김"
https://2runzzal.ecn.cdn.infralab.net/thumgif/HOvdP5D8AO.webp,"흐뭇함, 다괜찮아, 리액션"
https://2runzzal.ecn.cdn.infralab.net/thumgif/9a4ac48f-e91d-35f7-2f5e-966f6ddfc5b0.webp,"트와이스, 쯔위, 양궁, 여신, 추석특집 2018 아이돌스타 육상선수권 대회"
https://2runzzal.ecn.cdn.infralab.net/thumorg/7588fd5c9afd9ceda897063faf5047266e626eda4177414c8697c5142316fc11.jpg,"놀람, 비명, 부끄"
https://2runzzal.ecn.cdn.infralab.net/thumorg/96c09cc40f9be47401607a4cc03d29becc0d473f63e4dcca3a30f4ea57ef4e3c.jpg,"오빠차, 비난, 주름이, 욕"
https://2runzzal.ecn.cdn.infralab.net/thumgif/edbe4515-09fd-216d-959b-edbee414bc98.webp,뷰티 인사이드
https://2runzzal.ecn.cdn.infralab.net/thumgif/sej2ndbzxx.webp,"칭, 프로듀스48, 김나영"
https://2runzzal.ecn.cdn.infralab.net/thumgif/Z0ZUc3ENYz.webp,"돌발사태, 돌발, 기겁, 햄토리.. 당황"
https://2runzzal.ecn.cdn.infralab.net/thumorg/6078c68ee4a8775b9b73982b84cb48ac57d4a96ca6854803dbb502d233e4a7e7.jpg,"코믹, 뭐래 거지처럼 생긴것이."
https://2runzzal.ecn.cdn.infralab.net/thumorg/c355d1d5c5075044bdf4606e27fb03b7fac8ff061418574c21795925493823c0.jpg,"포기해, 포기하면편해, 포기"
https://2runzzal.ecn.cdn.infralab.net/thumorg/6b4da217ae418c0ec6b9d7abda77d23180e9beeb69ae4f125c7d36125b0e8d6b.jpg,"째릿, 째림, 요니"
https://2runzzal.ecn.cdn.infralab.net/thumgif/Qu46lOomnI.webp,"밥, 간식, 후다닥"
https://2runzzal.ecn.cdn.infralab.net/thumorg/vewxneAFiP.png,"댕댕이, 우정식, 우정, 바다"
https://2runzzal.ecn.cdn.infralab.net/thumgif/4fd72786-d81a-4a71-1efb-6cb8a4988198.webp,"타자, 야구, 퍼펙트게임, 영화"
https://2runzzal.ecn.cdn.infralab.net/thumorg/9e97a7de049e0fbdfb9df3aa8cf09f376087a0b9ea1b39ac0772cbe6ca72650f.jpg,"야메토끼, 니얼굴, 야매토끼, 니얼굴쩔어~~"
https://2runzzal.ecn.cdn.infralab.net/thumgif/27d50f74-4f69-c7b1-ad37-50a9c6a78096.webp,"나 혼자 산다, 박나래, 전현무, 한혜진, 기안84, 멘붕 온 쌈디"
https://2runzzal.ecn.cdn.infralab.net/thumorg/e98da886c1838b756bbb6bbcf5d976a4408dd29d144ea313e17ecaf896e26cc2.jpg,"화나의초기단계, 화남"
https://2runzzal.ecn.cdn.infralab.net/thumgif/hcmbjU2TY6.gif,"아이유, 파이팅, 화이팅, 엄지척, 힘내, 으쌰, 최고"
https://2runzzal.ecn.cdn.infralab.net/thumorg/d5e3dd9447f602a59a998d52d0746f5ff8ac98c9c07587aac4a9eae572782728.jpg,"기분, 별로, 억지웃음, 기분좋다"
https://2runzzal.ecn.cdn.infralab.net/thumgif/e6192791-9131-ba70-5fdb-5f3091d4dcfd.webp,MBN 수목드라마 마성의 기쁨
https://2runzzal.ecn.cdn.infralab.net/thumgif/d61a1329-e5a8-da18-dab0-2a85dcad8bc9.webp,"황정음, 유인나, 수영복, 몸매, 하이킥, 수영장"
https://2runzzal.ecn.cdn.infralab.net/thumgif/YBnZeSAELD.webp,"트와이스, 뿌잉뿌잉, 애교"
https://2runzzal.ecn.cdn.infralab.net/thumgif/297a0864-eb66-13aa-758a-afef01f01d39.webp,"아는 형님, 강호동, 그럼무섭잖아"
https://2runzzal.ecn.cdn.infralab.net/thumgif/GFOrLGV4mo.gif,"화살, 우정잉, 조준, 트위치"
https://2runzzal.ecn.cdn.infralab.net/thumgif/xt4vX5zCNL.gif,"설현, 표정"
https://2runzzal.ecn.cdn.infralab.net/thumgif/2uwoWjL4ZD.gif,"축구게임, 게임오류, 펀치, 싸다구"
https://2runzzal.ecn.cdn.infralab.net/thumgif/bb246402-c844-7c6d-848e-4108844ba907.webp,"이영아, 끝까지 사랑"
https://2runzzal.ecn.cdn.infralab.net/thumgif/18d78fdc-d13c-2977-f92a-2f6ed3cd50b2.webp,"클레듈라 백작, 클레드, 사망, 할로윈, LOL, 8"
https://2runzzal.ecn.cdn.infralab.net/thumorg/iQTrLcLYuy.jpg,"심쿵 씹덕사, 심장폭행, 심쿵, 코피"
https://2runzzal.ecn.cdn.infralab.net/thumgif/49e8503abc87586d2e7e55dc26927c4a954d47499ef4b62c7073b13108b19bbb.webp,"쿠키, 터프, 지아코"
https://2runzzal.ecn.cdn.infralab.net/thumorg/f9f0d1a20ab75f4e91a969b180506f36ac1650e7f5621e72a9609d216acbd08d.jpg,"옘병, 김수미짤, 썬텐, 소유진, 이런X병"
https://2runzzal.ecn.cdn.infralab.net/thumgif/cd5d2c23-7a46-04b8-623d-fe003ac306d9.webp,"서현진, 이민기, 심쿵, 백허그, 뷰티 인사이드"
https://2runzzal.ecn.cdn.infralab.net/thumgif/uXr4fiqEIA.webp,"손나은, 흔들, 손나손나"
https://2runzzal.ecn.cdn.infralab.net/thumorg/bf8697923648699e1c9b077f50853ab8b51df5e5242048f3a0cc302cdaea17a3.jpg,"상엎, 상엎음, 엎음, 뒤집음, 안먹어"
https://2runzzal.ecn.cdn.infralab.net/thumgif/9aa69cf2-f8e1-4e92-fff1-6e4438fe9f55.webp,"띠껍, SNL, 힙합, 불만"
https://2runzzal.ecn.cdn.infralab.net/thumorg/d4baba5e8c5126f5faf25dfd476d60478b02fbc239f8a9b524666240537585a5.jpg,"리메이크, 노라조, 피키, 피키캐스트, 옥수수"
https://2runzzal.ecn.cdn.infralab.net/thumorg/kj2lrODVFr.jpg,"뜬금포, 애인이...되어줄래?, 귀귀, 고백"
https://2runzzal.ecn.cdn.infralab.net/thumorg/c9f932385f8771166e31fb7871fba1dc04b2a956bb88c21e319c641d1affcad1.jpg,"미쳤어, 미쳐, 미"
https://2runzzal.ecn.cdn.infralab.net/thumorg/HAcL3qsnVE.jpg,"닥쳐 말포이, ㄷㅊ, ㄲㅈ, 꺼져"
https://2runzzal.ecn.cdn.infralab.net/thumorg/93d15139e6117181120e39f05ccdf0d969e0f833d4780b2e4d480e4768a7a784.JPG,"모른척, 내숭, 무도짤, 정준하"
https://2runzzal.ecn.cdn.infralab.net/thumgif/49350a2c-ff41-6fa9-5183-93b28568d73e.webp,"전현무, 추석특집 2018 아이돌스타 육상선수권 대회"
https://2runzzal.ecn.cdn.infralab.net/thumgif/50f8b42c-6a7f-dfc0-0a07-232896d0e573.webp,내 뒤에 테리우스
https://2runzzal.ecn.cdn.infralab.net/thumorg/f51600d9b093458c0052563cd058285318f3d6747a14446796ff7b8e65abf5fe.jpg,"누구인가, 누가 기침소리를 내었는가, 나 궁예야 궁예!!"
https://2runzzal.ecn.cdn.infralab.net/thumgif/dd700514-0d02-7afd-d7ce-579c10e31830.webp,"뮤직뱅크, 예쁜게 죄, 에이프릴"
https://2runzzal.ecn.cdn.infralab.net/thumorg/33afdd5c342b0077440c60d03b9781836035c6ba8356752706c12b0499d48536.jpg,"닭, ㅉㅉ, 노답"
https://2runzzal.ecn.cdn.infralab.net/thumgif/hw90QGLRZn.gif,"윤보미, 복면가왕, 뽐뽐뽐, 에이핑크, 최고"
https://2runzzal.ecn.cdn.infralab.net/thumorg/8717029742378b4f5d9e3aa6a73b5ca9c9712ba392b102cbd942b2df28762ab4.jpg,"명치, 명치각, 추성훈"
https://2runzzal.ecn.cdn.infralab.net/thumgif/f6816771-d685-767b-14d2-269a03f9a298.webp,"서현진, 뷰티 인사이드"
https://2runzzal.ecn.cdn.infralab.net/thumgif/d63c8611-6269-08b7-6ca2-cf8a174d7bb9.webp,"제3의 매력, 피자, 먹방"
https://2runzzal.ecn.cdn.infralab.net/thumorg/b4ec39d090cceccc95a291df298e47f076bd3a1d275ef4aaadb5bbfe8d8ba05e.jpg,"저리로, 손님, 저리가, 꺼져"
https://2runzzal.ecn.cdn.infralab.net/thumorg/c4503d4295253b946b04b3e1fe8caca602232e6b513d138130e00fa12cb93f70.jpg,"뒤엎음, 짜증, 폭발"
https://2runzzal.ecn.cdn.infralab.net/thumgif/7ce852b8-046d-f1bd-5b5f-1371f1c3efd3.webp,"나 혼자 산다, 박나래, 전현무, 한혜진, 기안84, 멘붕 온 쌈디"
https://2runzzal.ecn.cdn.infralab.net/thumgif/660b319fd7ef1e5d1df347d07f6f8d1ae72fdbc7a1dbd53f0d79e0ffaa75297e.gif,"백진희, 윤계상, 흐린기억속의그대, 현진영"
https://2runzzal.ecn.cdn.infralab.net/thumgif/596498e9-18b0-e989-a59a-9d144bd46cc1.webp,"쇼미더머니777(트리플세븐), 쇼미더머니777"
https://2runzzal.ecn.cdn.infralab.net/thumgif/0cfb6049e63b491b60e83aef71b6b5f18ed0eeaa161c0ed3093b0a30855f118e.gif,"피식, 여유, 이정재, 관상"
https://2runzzal.ecn.cdn.infralab.net/thumgif/C0yy038T1Y.gif,"시범, 선생님, 가이드, 열일, 작업"
https://2runzzal.ecn.cdn.infralab.net/thumgif/kDSMRD2ICj.webp,"미스터선샤인, 김민정, 펜싱, 펜싱 민정"
https://2runzzal.ecn.cdn.infralab.net/thumorg/aef178e660429e8d2930c3cba9180adc538cafc07876527b4ffef5a154e8240c.jpg,"브이, 애교, 무도"
https://2runzzal.ecn.cdn.infralab.net/thumorg/c3571ec9d6ef2b6bcfea9395ce09818402684ec0620f3ffffa1b5b427e9610f9.png,"메롱, 놀림"
https://2runzzal.ecn.cdn.infralab.net/thumgif/3d9fe0e5-6714-5f20-2a41-8a956d34b127.gif,"전현무, 어머니와 고등어, 엄마, 요리, 레시피, 집밥, 엄마밥"
https://2runzzal.ecn.cdn.infralab.net/thumorg/7321536a00a371cfade8a1db2e04f9120decd42e70b9cf854efa2fb09134965d.jpg,"얕보지마, 나루토, 부릅, 복수"
https://2runzzal.ecn.cdn.infralab.net/thumorg/9482a54a49e040e3f02e70f93cb030ffa034deca188593bbb1de0f7dd95b200f.JPG,"뻔뻔, 갈수록뻔뻔, 무한도전, 유재석, 무도"
https://2runzzal.ecn.cdn.infralab.net/thumorg/903eba54a2e9789ebf19351a254986823496f925ce262b86f0956c443ae3540b.jpg,"기분, 쉿"
https://2runzzal.ecn.cdn.infralab.net/thumgif/22a9c3a97bd6a0a6d5abf04cbf371bd0d10cad1952e72f1795d8ad97befd07f6.webp,"벼봇춤, 민망, 관문, 이윤열"
https://2runzzal.ecn.cdn.infralab.net/thumgif/16d65c78-f8c2-885c-4b7c-31279429bc46.webp,"쇼 음악중심, 의진, 앤씨아, 윤조"
https://2runzzal.ecn.cdn.infralab.net/thumgif/d9aa7a82-1cba-e2dd-751e-3370a624c8a2.webp,"쇼미더머니777(트리플세븐), 루피, 입맛"
https://2runzzal.ecn.cdn.infralab.net/thumorg/70a21bac8bcad1614c0a35273b1eb274156d3eef5dd803cb443f800c30077f21.png,"불상, 캐안습, 개안습, 부처짤, 쑥수러움"
https://2runzzal.ecn.cdn.infralab.net/thumgif/d0b3e9ef-4a6f-1ee8-ae2a-89f68ee0ef0e.webp,"뮤직뱅크, 아이즈원, 사쿠라, 라비앙로즈"
https://2runzzal.ecn.cdn.infralab.net/thumgif/a0393f6971ea89eda12a86740b2714c7cb50abd7424f1360b0c0790f060d50e8.gif,"짝사랑, 좋아하는사람, 웹드라마, 남자사람친구 14일전"
https://2runzzal.ecn.cdn.infralab.net/thumorg/8rEHN0d5kx.jpg,"굽신굽신, 비꼬기, 비꼼, 달래기, 잘했어여"
https://2runzzal.ecn.cdn.infralab.net/thumorg/a4a3c8e6badb85317caf77417e1dcf078d12c412faba0073d79a5a24a84d16ed.jpg,"영혼제로, 미안, 성의없음"
https://2runzzal.ecn.cdn.infralab.net/thumorg/e8b2bfc7316aa8183bd6e02a20108b2bb121564f87f8c9b6c6be2682c2732e14.jpg,"더러움, 트림, 끄억, 트름"
https://2runzzal.ecn.cdn.infralab.net/thumgif/92997ab1-ba75-a35b-ecd3-47b6da772f74.webp,"복면가왕, 김구라, 황민현, 워너원, 락"
https://2runzzal.ecn.cdn.infralab.net/thumorg/d2b6905cecba65b94df7f0f54fdd1b2142a22caeafacc9ef1cd9be1b6159d665.jpg,"조용히해, 지성, 조용히햇"
https://2runzzal.ecn.cdn.infralab.net/thumorg/6873645797263a7fb551a25e9abf39336e7e336d50671142ed5216dfb680a869.jpg,"뭐래, 미친"
https://2runzzal.ecn.cdn.infralab.net/thumorg/305a92dd56106c95e06166f86d442ab1876f9e315ee236c265e0863d48b407b1.jpg,"그분곁으로, 주님곁으로, 화남, 퍽퍽"
https://2runzzal.ecn.cdn.infralab.net/thumgif/d0784177c216d8be1e665095b70c283c059f69d693c50ec778ea7a77d41f3691.webp,"장첸, 범죄도시, 혼자야?"
https://2runzzal.ecn.cdn.infralab.net/thumgif/gBtZ0MGbOP.webp,"우결, 유라, 요가"
https://2runzzal.ecn.cdn.infralab.net/thumorg/33d60f5fc2077d731d0918db2ec4c131706d2df679401a8ecb6e9fbe824fae2e.jpg,"시벌탱, 욕, 분노"
https://2runzzal.ecn.cdn.infralab.net/thumgif/64b835a6-a2a3-d5c5-a921-ede0296313d5.webp,"도하나, 에이틴"
https://2runzzal.ecn.cdn.infralab.net/thumgif/VjgLxg5Z6l.webp,"어디있어?, 어딨어, 어디야"
https://2runzzal.ecn.cdn.infralab.net/thumorg/e99a8118ebdcdd2885ae4ba6f447bb8d355e438a7a78c5b0bf0cd2a74ea33f55.jpg,"데스노트, 류크, 인간은재밌어, 괴기, 재밌어"
https://2runzzal.ecn.cdn.infralab.net/thumgif/SYcSlO2Lsd.webp,"죽인다, 죽여, 칼, 폭주"
https://2runzzal.ecn.cdn.infralab.net/thumgif/fe9aa475-ee48-7c76-b3ed-d97e97cd1960.webp,"이다희, 뷰티 인사이드"
https://2runzzal.ecn.cdn.infralab.net/thumorg/8e85f03c83cc2af832cba687e9cb437f5cf637d567499aa0a93482c52eb7bf45.png,"센척, 지리다, 무서워"
https://2runzzal.ecn.cdn.infralab.net/thumgif/159163a496b956d5066b6f09e2aeab9cc6558349f6cd9f46477400a97b0279f9.webp,"너, 확, 죽엇, 한방, 한대"
https://2runzzal.ecn.cdn.infralab.net/thumorg/TtDMUKkOBa.jpg,"추석, 추석짤, 한가위, 한가위짤"
https://2runzzal.ecn.cdn.infralab.net/thumorg/4261affe164aa9b6c9fefd1e625a114a39a18efe8c48a1dd9169a9962b35be2c.jpg,"훗, 신남, 웃음"
https://2runzzal.ecn.cdn.infralab.net/thumgif/1d88db4ef56dd3b0201ff4bf43a3710929e01c32539639f669c19f60470c5954.webp,"박명수, 무도, 무한도전, 마임"
https://2runzzal.ecn.cdn.infralab.net/thumgif/wKzKTX8Gpm.webp,"완전귀엽, 흥폭발, 흥부자"
https://2runzzal.ecn.cdn.infralab.net/thumgif/3380f387-ba98-6c6b-8c99-789bda3a3192.webp,"코미디빅리그, 물벼락"
https://2runzzal.ecn.cdn.infralab.net/thumgif/9eb33dd0-eda9-c5df-1a58-dce384d52c9f.webp,동상이몽2_너는 내 운명
https://2runzzal.ecn.cdn.infralab.net/thumgif/971ceef1-7fc5-f90c-99e2-df050d377ffa.webp,"나 혼자 산다, 잘할걸?, 이시언"
https://2runzzal.ecn.cdn.infralab.net/thumgif/0OX86OPPia.webp,"배두나, 화살, 양궁, 괴물, 한발"
https://2runzzal.ecn.cdn.infralab.net/thumgif/db8b41db6f8c085eede4e619bf670112cc43ef97416f9d193e729193f671f803.gif,"헉헉, 숨참, 뱃찐따, 배트맨, 저스티스리그"
https://2runzzal.ecn.cdn.infralab.net/thumgif/2177de6a342d43c4ff33c31bdfa4872046da068fd612291dc4737bd164db4ec8.gif,"남상미, 개쩜, 슴부먼트, 남상미.."
https://2runzzal.ecn.cdn.infralab.net/thumgif/xqtvaQMJML.webp,"유아인, 어이가없네, 베테랑, 명장면"
https://2runzzal.ecn.cdn.infralab.net/thumgif/9b3ca713-9ec2-d5c8-df81-0f34c0bc441f.webp,"세상심각, 백일의 낭군님, 백일의낭군님, tvN, 월화드라마"
https://2runzzal.ecn.cdn.infralab.net/thumgif/a11b6b8c-0a14-fb5f-6007-4d44ea73719b.webp,"워너원, 보여, M COUNTDOWN"
https://2runzzal.ecn.cdn.infralab.net/thumgif/c5yVL4XTQP.gif,"쪽, 최고, 엄지척, EXO, 시우민"
https://2runzzal.ecn.cdn.infralab.net/thumgif/O9x1b17diA.webp,"민호, 송민호, 위너"
https://2runzzal.ecn.cdn.infralab.net/thumgif/M0VuFGm2tR.gif,"상큼, 설현, 인사, AOA"
https://2runzzal.ecn.cdn.infralab.net/thumorg/6a9ac28439784840927370fc1e21542e88f02db8adcb3913621af7f180bc1d15.jpg,"호감, 개썅호감, 좋음, 최고"
https://2runzzal.ecn.cdn.infralab.net/thumorg/d1d071d9d69926ce7b545c69bd1958f8b4c452c72a844c1e740ed0115f35a4b6.JPG,"흐믓, 아빠미소, 엄마미소, 엄빠미소, 대견"
https://2runzzal.ecn.cdn.infralab.net/thumgif/Fqh49krOZd.gif,"포메, 머리콩, 매우귀엽"
https://2runzzal.ecn.cdn.infralab.net/thumorg/06bc20ab0567c1653fb47eb0dbefe5f07ad1bd2807b81d701b4b3aa1dc220700.png,"김준호, 해피투게더, 사람, 분통폭발"
https://2runzzal.ecn.cdn.infralab.net/thumgif/6a5e230c-002b-0294-61e9-e5452bce4db7.webp,"빅픽처패밀리, 우효광, 박찬호상황극, 우효광메소드연기"
https://2runzzal.ecn.cdn.infralab.net/thumorg/2c19d5a73415d1c5d15566e51b81b038c6733fa264fccbdc2e2eaae40dbab77c.jpg,"소, 섭섭, 서운, 츄욱"
https://2runzzal.ecn.cdn.infralab.net/thumgif/6SoOVaP8o3.gif,"!?!?, 쵸파, 쵸파 기겁"
https://2runzzal.ecn.cdn.infralab.net/thumgif/22f60e4e-0444-f384-cced-6e9a805ec0dd.webp,"전현무, 음표, 황금어장-라디오스타"
https://2runzzal.ecn.cdn.infralab.net/thumgif/1b23addf-414c-94fe-5b39-15a4d0700a16.webp,"스윙스, FLEX, 키드밀리, 니코니코니"
https://2runzzal.ecn.cdn.infralab.net/thumgif/5a93c566d7cc915bffa338da5f448f285bddd973b2cd181e1a3ca663a1bcf166.gif,"마술, 줄리엔강, 신기"
https://2runzzal.ecn.cdn.infralab.net/thumorg/94d5f061b715ce94064ab56f96b2d0317a1d972f67782089c565db465db19faf.PNG,"때려봐, 폭력, 퍽퍽"
https://2runzzal.ecn.cdn.infralab.net/thumgif/5061003a-99d0-1db8-d691-efae0c9e3745.webp,"나 혼자 산다, 한혜진"
https://2runzzal.ecn.cdn.infralab.net/thumorg/448b097a37f76db1edc5550528d959db3d5c32c6113b933154bcfd609da9b81e.jpg,"., 조용"
https://2runzzal.ecn.cdn.infralab.net/thumgif/537cf5ff-f11d-139a-41d7-289141237a65.webp,"무슨일이야?, 무슨일, 뷰티 인사이드"
https://2runzzal.ecn.cdn.infralab.net/thumorg/YCsNfQcw1v.png,"조이, 각도의, 중요성, 안타까움"
https://2runzzal.ecn.cdn.infralab.net/thumgif/p1Eojn1pTl.webp,"야바위, 정수, 신기"
https://2runzzal.ecn.cdn.infralab.net/thumgif/QjJlqz6UdG.gif,"장나라, 동안, 나라짱, 슈퍼동안"
https://2runzzal.ecn.cdn.infralab.net/thumorg/bf52c5f40f5d7612b27d15fd24bcb208a0bd00328599829ccc78723d081d0e30.jpg,"정신혼미, 무도짤, 정형돈"
https://2runzzal.ecn.cdn.infralab.net/thumgif/cf17788a-ee8c-cda2-d6f3-d8bb68ec952f.webp,"확, 그냥, 꺽어, 위협, 이웃사람, 마동석, 김성균"
https://2runzzal.ecn.cdn.infralab.net/thumgif/pMbMpNYChC.gif,"개, 약먹이기, 실패, 허스키, 놀림"
https://2runzzal.ecn.cdn.infralab.net/thumorg/30e9b3d635879e940c9f6db897d8840f42d42f7fc020c6dda3c032d80a61ac3d.jpg,"한계, 비꼬기, 포기, 한심"
https://2runzzal.ecn.cdn.infralab.net/thumorg/6bf2019d3ea2526aabb2c102c4c070f88e9ba9d83f4116b54caad83208af2350.jpg,"혼남, 입삐죽-, 삐짐"
https://2runzzal.ecn.cdn.infralab.net/thumgif/109f78de-6f3d-9d64-40f9-8d3484c8a86e.webp,"쇼미더머니777(트리플세븐), 쇼미더머니777"
https://2runzzal.ecn.cdn.infralab.net/thumgif/Fhh2E4DCH1.webp,"원딜, 원거리딜러, 배준식, 프로게이머"
https://2runzzal.ecn.cdn.infralab.net/thumgif/pkqcbTUhTm.gif,"잘다녀와, 강아지, 댕댕이"
https://2runzzal.ecn.cdn.infralab.net/thumgif/45d5bf43e5ec985314f358f3f7faa2cbb1a50b17d0134ce5bb0f06797e040400.gif,"미나, 손하트, 이쁨주의, 미나 하트"
https://2runzzal.ecn.cdn.infralab.net/thumgif/48ab2a00c6de9994b0ba7f60eb8a4069dd45bf31180227c415043c16c996a142.webp,"성대모사, 김래원, 속이 후련했냐?"
https://2runzzal.ecn.cdn.infralab.net/thumgif/b3bb5e26916b69c0dd739fdd421817214916a7a180a9137f1c05754a3e12d932.gif,"흔듬, 흔들흔들, 조정석, 쉐킷, 쉑잇"
https://2runzzal.ecn.cdn.infralab.net/thumorg/d7eabff485177fc1fe51174f0cc69ca54319934ef20cba7aefb028a53d75647f.jpg,"팩트폭력, 팩트, 싸대기, 현실, 현실타격"
https://2runzzal.ecn.cdn.infralab.net/thumorg/39e7b5b2e42791a5f48b8c723fa01138df473e314902ba4ced80cad09c308a52.jpg,"지루, 지루해, 지루함"
